./FOD/FOD/training_dataset/train_1.jpg,868,1084,906,1134,UnDefined
./FOD/FOD/training_dataset/train_1.jpg,1245,748,1321,797,UnDefined
./FOD/FOD/training_dataset/train_2.jpg,983,686,1067,764,UnDefined
./FOD/FOD/training_dataset/train_2.jpg,1039,488,1130,551,UnDefined
./FOD/FOD/training_dataset/train_2.jpg,1463,655,1531,731,UnDefined
./FOD/FOD/training_dataset/train_2.jpg,1158,627,1191,678,UnDefined
./FOD/FOD/training_dataset/train_3.jpg,,,,,
./FOD/FOD/training_dataset/train_4.jpg,,,,,
./FOD/FOD/training_dataset/train_5.jpg,1349,1176,1453,1222,UnDefined
./FOD/FOD/training_dataset/train_5.jpg,963,1041,1003,1095,UnDefined
./FOD/FOD/training_dataset/train_5.jpg,1958,909,1999,940,UnDefined
./FOD/FOD/training_dataset/train_5.jpg,1724,1021,1750,1077,UnDefined
./FOD/FOD/training_dataset/train_6.jpg,,,,,
./FOD/FOD/training_dataset/train_7.jpg,,,,,
./FOD/FOD/training_dataset/train_8.jpg,1187,977,1231,1067,UnDefined
./FOD/FOD/training_dataset/train_8.jpg,941,857,1008,927,UnDefined
./FOD/FOD/training_dataset/train_8.jpg,1440,1373,1480,1407,UnDefined
./FOD/FOD/training_dataset/train_8.jpg,1227,864,1279,931,UnDefined
./FOD/FOD/training_dataset/train_9.jpg,847,518,931,575,UnDefined
./FOD/FOD/training_dataset/train_10.jpg,1723,466,1763,499,UnDefined
./FOD/FOD/training_dataset/train_10.jpg,1421,312,1478,377,UnDefined
./FOD/FOD/training_dataset/train_10.jpg,1279,660,1346,721,UnDefined
./FOD/FOD/training_dataset/train_10.jpg,1096,532,1166,581,UnDefined
./FOD/FOD/training_dataset/train_11.jpg,2072,1166,2116,1258,UnDefined
./FOD/FOD/training_dataset/train_11.jpg,1786,786,1833,830,UnDefined
./FOD/FOD/training_dataset/train_11.jpg,834,1206,918,1285,UnDefined
./FOD/FOD/training_dataset/train_12.jpg,1034,480,1120,547,UnDefined
./FOD/FOD/training_dataset/train_12.jpg,1432,210,1503,289,UnDefined
./FOD/FOD/training_dataset/train_12.jpg,979,684,1063,765,UnDefined
./FOD/FOD/training_dataset/train_12.jpg,1147,623,1185,679,UnDefined
./FOD/FOD/training_dataset/train_13.jpg,1646,595,1744,623,UnDefined
./FOD/FOD/training_dataset/train_14.jpg,1529,556,1575,583,UnDefined
./FOD/FOD/training_dataset/train_14.jpg,1648,595,1744,623,UnDefined
./FOD/FOD/training_dataset/train_15.jpg,1658,478,1744,507,UnDefined
./FOD/FOD/training_dataset/train_15.jpg,1529,438,1579,466,UnDefined
./FOD/FOD/training_dataset/train_15.jpg,1986,505,2044,545,UnDefined
./FOD/FOD/training_dataset/train_16.jpg,1097,528,1170,587,UnDefined
./FOD/FOD/training_dataset/train_17.jpg,1742,493,1761,522,UnDefined
./FOD/FOD/training_dataset/train_18.jpg,,,,,
./FOD/FOD/training_dataset/train_19.jpg,1463,1396,1612,1436,UnDefined
./FOD/FOD/training_dataset/train_19.jpg,2038,1147,2086,1243,UnDefined
./FOD/FOD/training_dataset/train_19.jpg,841,1187,931,1266,UnDefined
./FOD/FOD/training_dataset/train_20.jpg,,,,,
./FOD/FOD/training_dataset/train_21.jpg,,,,,
./FOD/FOD/training_dataset/train_22.jpg,1593,811,1640,832,UnDefined
./FOD/FOD/training_dataset/train_22.jpg,1369,872,1466,927,UnDefined
./FOD/FOD/training_dataset/train_23.jpg,1365,878,1419,937,UnDefined
./FOD/FOD/training_dataset/train_23.jpg,1262,713,1331,786,UnDefined
./FOD/FOD/training_dataset/train_23.jpg,920,705,996,748,UnDefined
./FOD/FOD/training_dataset/train_24.jpg,1266,1057,1331,1130,UnDefined
./FOD/FOD/training_dataset/train_24.jpg,1248,746,1325,799,UnDefined
./FOD/FOD/training_dataset/train_24.jpg,927,1130,962,1178,UnDefined
./FOD/FOD/training_dataset/train_25.jpg,,,,,
./FOD/FOD/training_dataset/train_26.jpg,250,1002,293,1067,UnDefined
./FOD/FOD/training_dataset/train_26.jpg,228,1161,270,1210,UnDefined
./FOD/FOD/training_dataset/train_26.jpg,400,977,459,1042,UnDefined
./FOD/FOD/training_dataset/train_27.jpg,,,,,
./FOD/FOD/training_dataset/train_28.jpg,1403,315,1463,375,UnDefined
./FOD/FOD/training_dataset/train_28.jpg,1690,466,1747,499,UnDefined
./FOD/FOD/training_dataset/train_28.jpg,1034,698,1105,759,UnDefined
./FOD/FOD/training_dataset/train_28.jpg,1080,528,1155,585,UnDefined
./FOD/FOD/training_dataset/train_29.jpg,,,,,
./FOD/FOD/training_dataset/train_30.jpg,1241,744,1325,801,UnDefined
./FOD/FOD/training_dataset/train_30.jpg,868,1086,906,1139,UnDefined
./FOD/FOD/training_dataset/train_31.jpg,803,1191,843,1245,UnDefined
./FOD/FOD/training_dataset/train_31.jpg,612,608,642,644,UnDefined
./FOD/FOD/training_dataset/train_31.jpg,958,1004,1034,1073,UnDefined
./FOD/FOD/training_dataset/train_31.jpg,814,1029,864,1097,UnDefined
./FOD/FOD/training_dataset/train_32.jpg,1648,470,1749,505,UnDefined
./FOD/FOD/training_dataset/train_32.jpg,1977,505,2036,549,UnDefined
./FOD/FOD/training_dataset/train_32.jpg,1526,436,1572,461,UnDefined
./FOD/FOD/training_dataset/train_33.jpg,1258,1055,1334,1130,UnDefined
./FOD/FOD/training_dataset/train_33.jpg,918,1126,962,1182,UnDefined
./FOD/FOD/training_dataset/train_33.jpg,1247,748,1327,795,UnDefined
./FOD/FOD/training_dataset/train_34.jpg,1438,233,1474,287,UnDefined
./FOD/FOD/training_dataset/train_34.jpg,1032,482,1122,547,UnDefined
./FOD/FOD/training_dataset/train_34.jpg,975,681,1063,763,UnDefined
./FOD/FOD/training_dataset/train_35.jpg,,,,,
./FOD/FOD/training_dataset/train_36.jpg,1023,476,1122,549,UnDefined
./FOD/FOD/training_dataset/train_36.jpg,1436,214,1505,287,UnDefined
./FOD/FOD/training_dataset/train_36.jpg,975,683,1071,763,UnDefined
./FOD/FOD/training_dataset/train_37.jpg,,,,,
./FOD/FOD/training_dataset/train_38.jpg,,,,,
./FOD/FOD/training_dataset/train_39.jpg,786,610,868,769,UnDefined
./FOD/FOD/training_dataset/train_39.jpg,753,625,816,728,UnDefined
./FOD/FOD/training_dataset/train_39.jpg,828,660,874,736,UnDefined
./FOD/FOD/training_dataset/train_40.jpg,,,,,
./FOD/FOD/training_dataset/train_41.jpg,,,,,
./FOD/FOD/training_dataset/train_42.jpg,663,1006,711,1036,UnDefined
./FOD/FOD/training_dataset/train_42.jpg,572,988,602,1032,UnDefined
./FOD/FOD/training_dataset/train_42.jpg,723,1168,793,1285,UnDefined
./FOD/FOD/training_dataset/train_43.jpg,715,1168,786,1283,UnDefined
./FOD/FOD/training_dataset/train_43.jpg,656,1004,707,1040,UnDefined
./FOD/FOD/training_dataset/train_43.jpg,1013,939,1071,996,UnDefined
./FOD/FOD/training_dataset/train_43.jpg,996,1210,1032,1245,UnDefined
./FOD/FOD/training_dataset/train_44.jpg,,,,,
./FOD/FOD/training_dataset/train_45.jpg,715,1162,788,1285,UnDefined
./FOD/FOD/training_dataset/train_45.jpg,663,1004,711,1042,UnDefined
./FOD/FOD/training_dataset/train_46.jpg,732,581,765,623,UnDefined
./FOD/FOD/training_dataset/train_46.jpg,618,403,696,507,UnDefined
./FOD/FOD/training_dataset/train_46.jpg,992,633,1088,790,UnDefined
./FOD/FOD/training_dataset/train_46.jpg,790,570,860,652,UnDefined
./FOD/FOD/training_dataset/train_47.jpg,,,,,
./FOD/FOD/training_dataset/train_48.jpg,,,,,
./FOD/FOD/training_dataset/train_49.jpg,,,,,
./FOD/FOD/training_dataset/train_50.jpg,1986,507,2032,549,UnDefined
./FOD/FOD/training_dataset/train_50.jpg,1531,442,1577,468,UnDefined
./FOD/FOD/training_dataset/train_51.jpg,1032,468,1122,535,UnDefined
./FOD/FOD/training_dataset/train_51.jpg,979,662,1065,751,UnDefined
./FOD/FOD/training_dataset/train_51.jpg,1440,201,1505,273,UnDefined
./FOD/FOD/training_dataset/train_52.jpg,1986,497,2044,553,UnDefined
./FOD/FOD/training_dataset/train_53.jpg,922,1128,964,1178,UnDefined
./FOD/FOD/training_dataset/train_53.jpg,1243,744,1325,795,UnDefined
./FOD/FOD/training_dataset/train_54.jpg,1031,482,1120,545,UnDefined
./FOD/FOD/training_dataset/train_54.jpg,1436,210,1510,287,UnDefined
./FOD/FOD/training_dataset/train_54.jpg,981,683,1065,759,UnDefined
./FOD/FOD/training_dataset/train_54.jpg,1971,398,2017,459,UnDefined
./FOD/FOD/training_dataset/train_55.jpg,1074,520,1155,579,UnDefined
./FOD/FOD/training_dataset/train_55.jpg,1405,315,1463,373,UnDefined
./FOD/FOD/training_dataset/train_56.jpg,1174,424,1227,486,UnDefined
./FOD/FOD/training_dataset/train_56.jpg,1124,501,1187,631,UnDefined
./FOD/FOD/training_dataset/train_56.jpg,1157,799,1208,864,UnDefined
./FOD/FOD/training_dataset/train_57.jpg,61,264,117,340,UnDefined
./FOD/FOD/training_dataset/train_57.jpg,214,214,281,285,UnDefined
./FOD/FOD/training_dataset/train_58.jpg,1174,423,1227,484,UnDefined
./FOD/FOD/training_dataset/train_58.jpg,1128,505,1187,640,UnDefined
./FOD/FOD/training_dataset/train_58.jpg,1151,776,1208,866,UnDefined
./FOD/FOD/training_dataset/train_59.jpg,,,,,
./FOD/FOD/training_dataset/train_60.jpg,,,,,
./FOD/FOD/training_dataset/train_61.jpg,1006,939,1073,998,UnDefined
./FOD/FOD/training_dataset/train_61.jpg,715,1176,788,1294,UnDefined
./FOD/FOD/training_dataset/train_62.jpg,,,,,
./FOD/FOD/training_dataset/train_63.jpg,906,1057,975,1132,UnDefined
./FOD/FOD/training_dataset/train_63.jpg,784,709,864,834,UnDefined
./FOD/FOD/training_dataset/train_64.jpg,1658,476,1744,503,UnDefined
./FOD/FOD/training_dataset/train_64.jpg,1522,434,1570,461,UnDefined
./FOD/FOD/training_dataset/train_65.jpg,,,,,
./FOD/FOD/training_dataset/train_66.jpg,,,,,
./FOD/FOD/training_dataset/train_67.jpg,1157,990,1210,1061,UnDefined
./FOD/FOD/training_dataset/train_67.jpg,857,681,952,795,UnDefined
./FOD/FOD/training_dataset/train_67.jpg,1204,765,1273,826,UnDefined
./FOD/FOD/training_dataset/train_67.jpg,1269,1015,1315,1053,UnDefined
./FOD/FOD/training_dataset/train_68.jpg,1369,870,1466,927,UnDefined
./FOD/FOD/training_dataset/train_69.jpg,,,,,
./FOD/FOD/training_dataset/train_70.jpg,654,442,692,556,UnDefined
./FOD/FOD/training_dataset/train_70.jpg,562,725,619,778,UnDefined
./FOD/FOD/training_dataset/train_70.jpg,713,1002,744,1040,UnDefined
./FOD/FOD/training_dataset/train_71.jpg,1000,564,1105,656,UnDefined
./FOD/FOD/training_dataset/train_71.jpg,516,438,639,595,UnDefined
./FOD/FOD/training_dataset/train_71.jpg,1103,920,1170,977,UnDefined
./FOD/FOD/training_dataset/train_71.jpg,941,889,1013,981,UnDefined
./FOD/FOD/training_dataset/train_72.jpg,1652,591,1749,625,UnDefined
./FOD/FOD/training_dataset/train_72.jpg,1526,549,1573,587,UnDefined
./FOD/FOD/training_dataset/train_73.jpg,,,,,
./FOD/FOD/training_dataset/train_74.jpg,1719,1019,1755,1076,UnDefined
./FOD/FOD/training_dataset/train_74.jpg,1348,1170,1459,1220,UnDefined
./FOD/FOD/training_dataset/train_74.jpg,962,1042,1015,1092,UnDefined
./FOD/FOD/training_dataset/train_74.jpg,1963,904,1996,933,UnDefined
./FOD/FOD/training_dataset/train_75.jpg,243,996,298,1063,UnDefined
./FOD/FOD/training_dataset/train_75.jpg,231,1164,275,1206,UnDefined
./FOD/FOD/training_dataset/train_76.jpg,,,,,
./FOD/FOD/training_dataset/train_77.jpg,855,562,893,608,UnDefined
./FOD/FOD/training_dataset/train_77.jpg,642,438,688,566,UnDefined
./FOD/FOD/training_dataset/train_77.jpg,1115,931,1172,1004,UnDefined
./FOD/FOD/training_dataset/train_77.jpg,944,927,1023,977,UnDefined
./FOD/FOD/training_dataset/train_78.jpg,,,,,
./FOD/FOD/training_dataset/train_79.jpg,1658,593,1749,625,UnDefined
./FOD/FOD/training_dataset/train_80.jpg,,,,,
./FOD/FOD/training_dataset/train_81.jpg,855,560,893,612,UnDefined
./FOD/FOD/training_dataset/train_81.jpg,646,434,690,566,UnDefined
./FOD/FOD/training_dataset/train_81.jpg,943,935,1019,979,UnDefined
./FOD/FOD/training_dataset/train_82.jpg,1451,1086,1543,1168,UnDefined
./FOD/FOD/training_dataset/train_82.jpg,1262,730,1352,822,UnDefined
./FOD/FOD/training_dataset/train_82.jpg,1616,962,1728,1105,UnDefined
./FOD/FOD/training_dataset/train_82.jpg,1340,514,1384,570,UnDefined
./FOD/FOD/training_dataset/train_83.jpg,1681,595,1725,614,UnDefined
./FOD/FOD/training_dataset/train_84.jpg,562,725,618,776,UnDefined
./FOD/FOD/training_dataset/train_84.jpg,652,442,684,560,UnDefined
./FOD/FOD/training_dataset/train_84.jpg,967,1042,1032,1105,UnDefined
./FOD/FOD/training_dataset/train_85.jpg,2078,1168,2116,1264,UnDefined
./FOD/FOD/training_dataset/train_85.jpg,830,1212,922,1279,UnDefined
./FOD/FOD/training_dataset/train_85.jpg,1786,792,1835,826,UnDefined
./FOD/FOD/training_dataset/train_86.jpg,1029,486,1124,551,UnDefined
./FOD/FOD/training_dataset/train_86.jpg,973,677,1059,761,UnDefined
./FOD/FOD/training_dataset/train_86.jpg,1438,212,1505,289,UnDefined
./FOD/FOD/training_dataset/train_87.jpg,,,,,
./FOD/FOD/training_dataset/train_88.jpg,985,684,1073,765,UnDefined
./FOD/FOD/training_dataset/train_88.jpg,1038,480,1124,554,UnDefined
./FOD/FOD/training_dataset/train_88.jpg,1159,623,1193,677,UnDefined
./FOD/FOD/training_dataset/train_89.jpg,,,,,
./FOD/FOD/training_dataset/train_90.jpg,,,,,
./FOD/FOD/training_dataset/train_91.jpg,2210,1210,2258,1308,UnDefined
./FOD/FOD/training_dataset/train_91.jpg,824,1247,920,1340,UnDefined
./FOD/FOD/training_dataset/train_91.jpg,1893,770,1939,822,UnDefined
./FOD/FOD/training_dataset/train_92.jpg,912,168,965,226,UnDefined
./FOD/FOD/training_dataset/train_93.jpg,,,,,
./FOD/FOD/training_dataset/train_94.jpg,1357,497,1399,549,UnDefined
./FOD/FOD/training_dataset/train_94.jpg,1264,725,1352,822,UnDefined
./FOD/FOD/training_dataset/train_94.jpg,1478,1118,1570,1206,UnDefined
./FOD/FOD/training_dataset/train_94.jpg,1658,985,1778,1153,UnDefined
./FOD/FOD/training_dataset/train_95.jpg,574,302,631,369,UnDefined
./FOD/FOD/training_dataset/train_95.jpg,725,243,790,314,UnDefined
./FOD/FOD/training_dataset/train_95.jpg,820,478,862,516,UnDefined
./FOD/FOD/training_dataset/train_96.jpg,1130,600,1189,671,UnDefined
./FOD/FOD/training_dataset/train_96.jpg,979,660,1031,734,UnDefined
./FOD/FOD/training_dataset/train_96.jpg,1222,948,1312,1069,UnDefined
./FOD/FOD/training_dataset/train_97.jpg,946,900,1009,996,UnDefined
./FOD/FOD/training_dataset/train_97.jpg,526,444,642,608,UnDefined
./FOD/FOD/training_dataset/train_97.jpg,1107,935,1174,987,UnDefined
./FOD/FOD/training_dataset/train_97.jpg,1009,574,1111,667,UnDefined
./FOD/FOD/training_dataset/train_98.jpg,,,,,
./FOD/FOD/training_dataset/train_99.jpg,663,1004,709,1038,UnDefined
./FOD/FOD/training_dataset/train_99.jpg,673,707,736,772,UnDefined
./FOD/FOD/training_dataset/train_99.jpg,719,1172,788,1285,UnDefined
./FOD/FOD/training_dataset/train_100.jpg,1061,925,1139,1015,UnDefined
./FOD/FOD/training_dataset/train_100.jpg,390,654,491,707,UnDefined
./FOD/FOD/training_dataset/train_101.jpg,1094,532,1178,583,UnDefined
./FOD/FOD/training_dataset/train_102.jpg,,,,,
./FOD/FOD/training_dataset/train_104.jpg,608,570,692,635,UnDefined
./FOD/FOD/training_dataset/train_104.jpg,243,411,294,468,UnDefined
./FOD/FOD/training_dataset/train_104.jpg,950,1172,1065,1277,UnDefined
./FOD/FOD/training_dataset/train_104.jpg,660,830,744,912,UnDefined
./FOD/FOD/training_dataset/train_105.jpg,,,,,
./FOD/FOD/training_dataset/train_106.jpg,,,,,
./FOD/FOD/training_dataset/train_107.jpg,1965,405,2011,466,UnDefined
./FOD/FOD/training_dataset/train_107.jpg,1436,212,1514,291,UnDefined
./FOD/FOD/training_dataset/train_107.jpg,981,684,1069,765,UnDefined
./FOD/FOD/training_dataset/train_107.jpg,1031,478,1128,553,UnDefined
./FOD/FOD/training_dataset/train_108.jpg,478,719,537,776,UnDefined
./FOD/FOD/training_dataset/train_108.jpg,581,401,619,532,UnDefined
./FOD/FOD/training_dataset/train_108.jpg,935,1076,1008,1143,UnDefined
./FOD/FOD/training_dataset/train_109.jpg,,,,,
./FOD/FOD/training_dataset/train_110.jpg,1034,465,1122,532,UnDefined
./FOD/FOD/training_dataset/train_110.jpg,1432,191,1508,271,UnDefined
./FOD/FOD/training_dataset/train_110.jpg,973,667,1061,751,UnDefined
./FOD/FOD/training_dataset/train_111.jpg,,,,,
./FOD/FOD/training_dataset/train_112.jpg,673,684,728,723,UnDefined
./FOD/FOD/training_dataset/train_112.jpg,631,895,702,944,UnDefined
./FOD/FOD/training_dataset/train_112.jpg,1021,941,1069,1002,UnDefined
./FOD/FOD/training_dataset/train_112.jpg,996,1210,1034,1241,UnDefined
./FOD/FOD/training_dataset/train_113.jpg,249,998,300,1059,UnDefined
./FOD/FOD/training_dataset/train_113.jpg,226,1159,270,1212,UnDefined
./FOD/FOD/training_dataset/train_114.jpg,673,679,721,721,UnDefined
./FOD/FOD/training_dataset/train_114.jpg,625,900,698,950,UnDefined
./FOD/FOD/training_dataset/train_114.jpg,1023,943,1069,1002,UnDefined
./FOD/FOD/training_dataset/train_115.jpg,,,,,
./FOD/FOD/training_dataset/train_116.jpg,1986,493,2044,551,UnDefined
./FOD/FOD/training_dataset/train_117.jpg,1851,138,1893,187,UnDefined
./FOD/FOD/training_dataset/train_117.jpg,1774,350,1858,430,UnDefined
./FOD/FOD/training_dataset/train_117.jpg,1967,690,2067,774,UnDefined
./FOD/FOD/training_dataset/train_117.jpg,2128,556,2245,717,UnDefined
./FOD/FOD/training_dataset/train_118.jpg,,,,,
./FOD/FOD/training_dataset/train_119.jpg,1279,709,1348,776,UnDefined
./FOD/FOD/training_dataset/train_119.jpg,778,684,878,736,UnDefined
./FOD/FOD/training_dataset/train_119.jpg,1541,1040,1698,1107,UnDefined
./FOD/FOD/training_dataset/train_120.jpg,1226,855,1323,941,UnDefined
./FOD/FOD/training_dataset/train_120.jpg,1122,902,1260,988,UnDefined
./FOD/FOD/training_dataset/train_121.jpg,1112,498,1201,637,UnDefined
./FOD/FOD/training_dataset/train_121.jpg,1173,411,1239,505,UnDefined
./FOD/FOD/training_dataset/train_121.jpg,1130,785,1237,871,UnDefined
./FOD/FOD/training_dataset/train_121.jpg,980,127,1023,173,UnDefined
./FOD/FOD/training_dataset/train_122.jpg,932,886,1023,1006,UnDefined
./FOD/FOD/training_dataset/train_122.jpg,516,429,655,620,UnDefined
./FOD/FOD/training_dataset/train_122.jpg,1090,922,1183,996,UnDefined
./FOD/FOD/training_dataset/train_122.jpg,998,551,1128,668,UnDefined
./FOD/FOD/training_dataset/train_122.jpg,1095,810,1148,856,UnDefined
./FOD/FOD/training_dataset/train_123.jpg,1153,975,1222,1051,UnDefined
./FOD/FOD/training_dataset/train_123.jpg,876,678,1001,820,UnDefined
./FOD/FOD/training_dataset/train_123.jpg,1275,772,1369,828,UnDefined
./FOD/FOD/training_dataset/train_123.jpg,1260,988,1321,1041,UnDefined
./FOD/FOD/training_dataset/train_124.jpg,1239,724,1343,808,UnDefined
./FOD/FOD/training_dataset/train_124.jpg,851,1074,919,1161,UnDefined
./FOD/FOD/training_dataset/train_126.jpg,2240,805,2298,876,UnDefined
./FOD/FOD/training_dataset/train_126.jpg,1397,902,1575,1001,UnDefined
./FOD/FOD/training_dataset/train_126.jpg,1732,815,1783,858,UnDefined
./FOD/FOD/training_dataset/train_126.jpg,1516,836,1625,940,UnDefined
./FOD/FOD/training_dataset/train_127.jpg,1712,1011,1757,1097,UnDefined
./FOD/FOD/training_dataset/train_127.jpg,945,1046,1018,1102,UnDefined
./FOD/FOD/training_dataset/train_127.jpg,1351,1163,1455,1211,UnDefined
./FOD/FOD/training_dataset/train_127.jpg,1961,904,2006,945,UnDefined
./FOD/FOD/training_dataset/train_128.jpg,1237,739,1341,800,UnDefined
./FOD/FOD/training_dataset/train_128.jpg,582,569,721,632,UnDefined
./FOD/FOD/training_dataset/train_128.jpg,909,1123,978,1183,UnDefined
./FOD/FOD/training_dataset/train_128.jpg,1247,1044,1359,1138,UnDefined
./FOD/FOD/training_dataset/train_129.jpg,1003,975,1087,1018,UnDefined
./FOD/FOD/training_dataset/train_129.jpg,833,490,935,582,UnDefined
./FOD/FOD/training_dataset/train_130.jpg,1260,1044,1346,1097,UnDefined
./FOD/FOD/training_dataset/train_130.jpg,957,670,1077,777,UnDefined
./FOD/FOD/training_dataset/train_130.jpg,1069,564,1123,604,UnDefined
./FOD/FOD/training_dataset/train_130.jpg,1029,467,1138,564,UnDefined
./FOD/FOD/training_dataset/train_132.jpg,1239,739,1343,805,UnDefined
./FOD/FOD/training_dataset/train_132.jpg,559,571,739,640,UnDefined
./FOD/FOD/training_dataset/train_133.jpg,1280,1054,1488,1158,UnDefined
./FOD/FOD/training_dataset/train_133.jpg,947,584,1013,701,UnDefined
./FOD/FOD/training_dataset/train_133.jpg,1430,800,1557,909,UnDefined
./FOD/FOD/training_dataset/train_135.jpg,907,622,996,754,UnDefined
./FOD/FOD/training_dataset/train_135.jpg,1092,554,1178,663,UnDefined
./FOD/FOD/training_dataset/train_135.jpg,1206,988,1326,1156,UnDefined
./FOD/FOD/training_dataset/train_135.jpg,1217,861,1280,917,UnDefined
./FOD/FOD/training_dataset/train_137.jpg,876,561,983,660,UnDefined
./FOD/FOD/training_dataset/train_137.jpg,505,404,564,477,UnDefined
./FOD/FOD/training_dataset/train_137.jpg,1219,1153,1359,1288,UnDefined
./FOD/FOD/training_dataset/train_137.jpg,912,823,1026,919,UnDefined
./FOD/FOD/training_dataset/train_138.jpg,1168,589,1275,721,UnDefined
./FOD/FOD/training_dataset/train_139.jpg,904,1112,975,1176,UnDefined
./FOD/FOD/training_dataset/train_139.jpg,1242,737,1359,803,UnDefined
./FOD/FOD/training_dataset/train_140.jpg,2131,556,2250,714,UnDefined
./FOD/FOD/training_dataset/train_140.jpg,1844,140,1897,196,UnDefined
./FOD/FOD/training_dataset/train_140.jpg,1971,665,2080,792,UnDefined
./FOD/FOD/training_dataset/train_141.jpg,1084,516,1176,584,UnDefined
./FOD/FOD/training_dataset/train_141.jpg,1277,968,1343,1021,UnDefined
./FOD/FOD/training_dataset/train_141.jpg,1410,282,1488,376,UnDefined
./FOD/FOD/training_dataset/train_142.jpg,848,554,897,612,UnDefined
./FOD/FOD/training_dataset/train_142.jpg,632,429,693,569,UnDefined
./FOD/FOD/training_dataset/train_142.jpg,930,912,1029,980,UnDefined
./FOD/FOD/training_dataset/train_146.jpg,970,670,1074,775,UnDefined
./FOD/FOD/training_dataset/train_146.jpg,1021,472,1140,569,UnDefined
./FOD/FOD/training_dataset/train_146.jpg,1458,696,1549,737,UnDefined
./FOD/FOD/training_dataset/train_146.jpg,1143,615,1201,691,UnDefined
./FOD/FOD/training_dataset/train_146.jpg,1265,1051,1341,1092,UnDefined
./FOD/FOD/training_dataset/train_147.jpg,841,546,899,617,UnDefined
./FOD/FOD/training_dataset/train_147.jpg,640,434,693,569,UnDefined
./FOD/FOD/training_dataset/train_147.jpg,1112,932,1181,1011,UnDefined
./FOD/FOD/training_dataset/train_147.jpg,935,914,1031,978,UnDefined
./FOD/FOD/training_dataset/train_148.jpg,1476,277,1570,381,UnDefined
./FOD/FOD/training_dataset/train_148.jpg,1308,599,1445,767,UnDefined
./FOD/FOD/training_dataset/train_148.jpg,1707,1057,1783,1125,UnDefined
./FOD/FOD/training_dataset/train_148.jpg,1915,711,2017,772,UnDefined
./FOD/FOD/training_dataset/train_149.jpg,1079,513,1189,597,UnDefined
./FOD/FOD/training_dataset/train_150.jpg,1021,676,1125,767,UnDefined
./FOD/FOD/training_dataset/train_150.jpg,1069,521,1161,592,UnDefined
./FOD/FOD/training_dataset/train_150.jpg,1260,975,1333,1018,UnDefined
./FOD/FOD/training_dataset/train_150.jpg,1384,295,1473,386,UnDefined
./FOD/FOD/training_dataset/train_151.jpg,1313,592,1450,767,UnDefined
./FOD/FOD/training_dataset/train_151.jpg,1476,274,1567,401,UnDefined
./FOD/FOD/training_dataset/train_151.jpg,1915,706,2019,775,UnDefined
./FOD/FOD/training_dataset/train_153.jpg,1717,729,1806,795,UnDefined
./FOD/FOD/training_dataset/train_153.jpg,2194,1178,2273,1305,UnDefined
./FOD/FOD/training_dataset/train_153.jpg,1194,1023,1257,1125,UnDefined
./FOD/FOD/training_dataset/train_154.jpg,719,561,800,637,UnDefined
./FOD/FOD/training_dataset/train_154.jpg,602,399,714,513,UnDefined
./FOD/FOD/training_dataset/train_154.jpg,990,612,1092,787,UnDefined
./FOD/FOD/training_dataset/train_154.jpg,787,559,866,653,UnDefined
./FOD/FOD/training_dataset/train_155.jpg,1283,1074,1460,1138,UnDefined
./FOD/FOD/training_dataset/train_155.jpg,947,582,1016,711,UnDefined
./FOD/FOD/training_dataset/train_155.jpg,2098,891,2171,935,UnDefined
./FOD/FOD/training_dataset/train_155.jpg,1432,813,1544,909,UnDefined
./FOD/FOD/training_dataset/train_156.jpg,5,795,91,945,UnDefined
./FOD/FOD/training_dataset/train_156.jpg,84,1143,216,1250,UnDefined
./FOD/FOD/training_dataset/train_158.jpg,1585,800,1656,838,UnDefined
./FOD/FOD/training_dataset/train_158.jpg,1356,858,1481,942,UnDefined
./FOD/FOD/training_dataset/train_159.jpg,1275,978,1341,1023,UnDefined
./FOD/FOD/training_dataset/train_159.jpg,1095,521,1181,597,UnDefined
./FOD/FOD/training_dataset/train_160.jpg,1973,490,2047,561,UnDefined
./FOD/FOD/training_dataset/train_160.jpg,1503,432,1585,480,UnDefined
./FOD/FOD/training_dataset/train_166.jpg,1031,678,1120,780,UnDefined
./FOD/FOD/training_dataset/train_166.jpg,1074,521,1163,597,UnDefined
./FOD/FOD/training_dataset/train_166.jpg,1260,985,1323,1026,UnDefined
./FOD/FOD/training_dataset/train_167.jpg,1250,721,1313,795,UnDefined
./FOD/FOD/training_dataset/train_167.jpg,1008,709,1082,764,UnDefined
./FOD/FOD/training_dataset/train_167.jpg,1310,841,1417,899,UnDefined
./FOD/FOD/training_dataset/train_168.jpg,1171,747,1295,856,UnDefined
./FOD/FOD/training_dataset/train_168.jpg,734,632,886,805,UnDefined
./FOD/FOD/training_dataset/train_168.jpg,1265,1072,1356,1130,UnDefined
./FOD/FOD/training_dataset/train_168.jpg,1120,1044,1209,1138,UnDefined
./FOD/FOD/training_dataset/train_169.jpg,206,213,297,295,UnDefined
./FOD/FOD/training_dataset/train_169.jpg,41,249,145,361,UnDefined
./FOD/FOD/training_dataset/train_169.jpg,302,439,356,503,UnDefined
./FOD/FOD/training_dataset/train_170.jpg,1229,711,1351,810,UnDefined
./FOD/FOD/training_dataset/train_170.jpg,851,1082,932,1156,UnDefined
./FOD/FOD/training_dataset/train_171.jpg,759,655,805,709,UnDefined
./FOD/FOD/training_dataset/train_175.jpg,1036,307,1173,457,UnDefined
./FOD/FOD/training_dataset/train_175.jpg,422,467,648,582,UnDefined
./FOD/FOD/training_dataset/train_176.jpg,919,874,1039,1001,UnDefined
./FOD/FOD/training_dataset/train_176.jpg,490,427,658,617,UnDefined
./FOD/FOD/training_dataset/train_176.jpg,1003,554,1123,676,UnDefined
./FOD/FOD/training_dataset/train_176.jpg,1102,927,1176,993,UnDefined
./FOD/FOD/training_dataset/train_177.jpg,1023,462,1128,551,UnDefined
./FOD/FOD/training_dataset/train_177.jpg,1422,185,1534,290,UnDefined
./FOD/FOD/training_dataset/train_177.jpg,1260,1034,1336,1092,UnDefined
./FOD/FOD/training_dataset/train_177.jpg,963,663,1082,777,UnDefined
./FOD/FOD/training_dataset/train_178.jpg,635,424,696,571,UnDefined
./FOD/FOD/training_dataset/train_178.jpg,556,709,640,815,UnDefined
./FOD/FOD/training_dataset/train_178.jpg,698,990,747,1051,UnDefined
./FOD/FOD/training_dataset/train_178.jpg,950,1044,1049,1115,UnDefined
./FOD/FOD/training_dataset/train_179.jpg,1272,970,1341,1029,UnDefined
./FOD/FOD/training_dataset/train_179.jpg,1082,518,1178,592,UnDefined
./FOD/FOD/training_dataset/train_179.jpg,1407,297,1486,381,UnDefined
./FOD/FOD/training_dataset/train_180.jpg,1255,709,1392,836,UnDefined
./FOD/FOD/training_dataset/train_180.jpg,1361,460,1422,536,UnDefined
./FOD/FOD/training_dataset/train_180.jpg,1468,1084,1608,1252,UnDefined
./FOD/FOD/training_dataset/train_180.jpg,1671,980,1826,1186,UnDefined
./FOD/FOD/training_dataset/train_181.jpg,,,,,
./FOD/FOD/training_dataset/train_182.jpg,,,,,
./FOD/FOD/training_dataset/train_183.jpg,,,,,
./FOD/FOD/training_dataset/train_184.jpg,,,,,
./FOD/FOD/training_dataset/train_185.jpg,,,,,
./FOD/FOD/training_dataset/train_186.jpg,,,,,
./FOD/FOD/training_dataset/train_187.jpg,,,,,
./FOD/FOD/training_dataset/train_188.jpg,,,,,
./FOD/FOD/training_dataset/train_189.jpg,,,,,
./FOD/FOD/training_dataset/train_190.jpg,,,,,
./FOD/FOD/training_dataset/train_191.jpg,,,,,
./FOD/FOD/training_dataset/train_192.jpg,,,,,
./FOD/FOD/training_dataset/train_193.jpg,,,,,
./FOD/FOD/training_dataset/train_194.jpg,,,,,
./FOD/FOD/training_dataset/train_195.jpg,,,,,
./FOD/FOD/training_dataset/train_196.jpg,,,,,
./FOD/FOD/training_dataset/train_197.jpg,,,,,
./FOD/FOD/training_dataset/train_198.jpg,,,,,
./FOD/FOD/training_dataset/train_199.jpg,,,,,
./FOD/FOD/training_dataset/train_200.jpg,,,,,
./FOD/FOD/training_dataset/train_201.jpg,914,1113,969,1189,UnDefined
./FOD/FOD/training_dataset/train_201.jpg,572,563,722,638,UnDefined
./FOD/FOD/training_dataset/train_201.jpg,1235,736,1332,810,UnDefined
./FOD/FOD/training_dataset/train_201.jpg,1239,1047,1348,1141,UnDefined
./FOD/FOD/training_dataset/train_204.jpg,973,674,1086,790,UnDefined
./FOD/FOD/training_dataset/train_204.jpg,1026,478,1177,568,UnDefined
./FOD/FOD/training_dataset/train_204.jpg,1145,618,1204,692,UnDefined
./FOD/FOD/training_dataset/train_205.jpg,770,627,894,763,UnDefined
./FOD/FOD/training_dataset/train_205.jpg,500,416,556,475,UnDefined
./FOD/FOD/training_dataset/train_207.jpg,1342,515,1411,608,UnDefined
./FOD/FOD/training_dataset/train_207.jpg,1255,719,1357,834,UnDefined
./FOD/FOD/training_dataset/train_207.jpg,1590,952,1721,1123,UnDefined
./FOD/FOD/training_dataset/train_207.jpg,1437,1075,1560,1184,UnDefined
./FOD/FOD/training_dataset/train_208.jpg,236,403,332,475,UnDefined
./FOD/FOD/training_dataset/train_208.jpg,595,551,744,653,UnDefined
./FOD/FOD/training_dataset/train_208.jpg,935,1142,1085,1270,UnDefined
./FOD/FOD/training_dataset/train_208.jpg,630,800,744,908,UnDefined
./FOD/FOD/training_dataset/train_209.jpg,1157,392,1240,509,UnDefined
./FOD/FOD/training_dataset/train_209.jpg,972,108,1022,194,UnDefined
./FOD/FOD/training_dataset/train_209.jpg,1142,795,1235,867,UnDefined
./FOD/FOD/training_dataset/train_209.jpg,1117,480,1201,635,UnDefined
./FOD/FOD/training_dataset/train_210.jpg,1763,323,1873,451,UnDefined
./FOD/FOD/training_dataset/train_210.jpg,2117,544,2260,733,UnDefined
./FOD/FOD/training_dataset/train_210.jpg,1826,118,1949,217,UnDefined
./FOD/FOD/training_dataset/train_211.jpg,1637,453,1755,515,UnDefined
./FOD/FOD/training_dataset/train_211.jpg,1497,421,1590,488,UnDefined
./FOD/FOD/training_dataset/train_211.jpg,1445,571,1507,627,UnDefined
./FOD/FOD/training_dataset/train_211.jpg,1962,485,2038,561,UnDefined
./FOD/FOD/training_dataset/train_212.jpg,1162,396,1255,505,UnDefined
./FOD/FOD/training_dataset/train_212.jpg,963,109,1036,189,UnDefined
./FOD/FOD/training_dataset/train_212.jpg,1130,771,1240,866,UnDefined
./FOD/FOD/training_dataset/train_212.jpg,1103,492,1201,635,UnDefined
./FOD/FOD/training_dataset/train_213.jpg,1160,610,1290,701,UnDefined
./FOD/FOD/training_dataset/train_213.jpg,1039,520,1204,601,UnDefined
./FOD/FOD/training_dataset/train_213.jpg,1699,446,1784,532,UnDefined
./FOD/FOD/training_dataset/train_213.jpg,1400,301,1502,401,UnDefined
./FOD/FOD/training_dataset/train_214.jpg,379,953,472,1066,UnDefined
./FOD/FOD/training_dataset/train_214.jpg,231,994,310,1085,UnDefined
./FOD/FOD/training_dataset/train_214.jpg,219,1144,291,1229,UnDefined
./FOD/FOD/training_dataset/train_215.jpg,1960,483,2041,557,UnDefined
./FOD/FOD/training_dataset/train_215.jpg,1499,426,1581,472,UnDefined
./FOD/FOD/training_dataset/train_215.jpg,1651,450,1765,522,UnDefined
./FOD/FOD/training_dataset/train_217.jpg,1145,948,1253,1081,UnDefined
./FOD/FOD/training_dataset/train_217.jpg,931,825,1053,953,UnDefined
./FOD/FOD/training_dataset/train_217.jpg,1201,856,1299,972,UnDefined
./FOD/FOD/training_dataset/train_219.jpg,1285,573,1511,822,UnDefined
./FOD/FOD/training_dataset/train_219.jpg,1448,264,1608,413,UnDefined
./FOD/FOD/training_dataset/train_219.jpg,1903,680,2053,810,UnDefined
./FOD/FOD/training_dataset/train_220.jpg,950,648,1080,790,UnDefined
./FOD/FOD/training_dataset/train_220.jpg,1000,424,1176,593,UnDefined
./FOD/FOD/training_dataset/train_221.jpg,717,600,889,844,UnDefined
./FOD/FOD/training_dataset/train_222.jpg,898,1107,985,1214,UnDefined
./FOD/FOD/training_dataset/train_222.jpg,596,514,781,659,UnDefined
./FOD/FOD/training_dataset/train_222.jpg,1192,714,1361,834,UnDefined
./FOD/FOD/training_dataset/train_222.jpg,1221,1031,1363,1171,UnDefined
./FOD/FOD/training_dataset/train_223.jpg,893,1101,989,1204,UnDefined
./FOD/FOD/training_dataset/train_223.jpg,1219,714,1369,815,UnDefined
./FOD/FOD/training_dataset/train_223.jpg,1221,1017,1349,1164,UnDefined
./FOD/FOD/training_dataset/train_227.jpg,1706,987,1790,1113,UnDefined
./FOD/FOD/training_dataset/train_227.jpg,935,1019,1071,1122,UnDefined
./FOD/FOD/training_dataset/train_227.jpg,1334,1135,1528,1265,UnDefined
./FOD/FOD/training_dataset/train_227.jpg,1940,876,2053,958,UnDefined
./FOD/FOD/training_dataset/train_228.jpg,1160,726,1334,893,UnDefined
./FOD/FOD/training_dataset/train_228.jpg,687,620,916,872,UnDefined
./FOD/FOD/training_dataset/train_228.jpg,1241,1053,1363,1160,UnDefined
./FOD/FOD/training_dataset/train_228.jpg,1110,1007,1219,1155,UnDefined
./FOD/FOD/training_dataset/train_229.jpg,520,480,662,596,UnDefined
./FOD/FOD/training_dataset/train_230.jpg,1041,652,1187,815,UnDefined
./FOD/FOD/training_dataset/train_230.jpg,411,800,603,982,UnDefined
./FOD/FOD/training_dataset/train_231.jpg,1640,467,1777,532,UnDefined
./FOD/FOD/training_dataset/train_231.jpg,1501,423,1600,488,UnDefined
./FOD/FOD/training_dataset/train_231.jpg,1971,500,2056,561,UnDefined
./FOD/FOD/training_dataset/train_234.jpg,1548,761,1662,857,UnDefined
./FOD/FOD/training_dataset/train_234.jpg,1351,840,1501,962,UnDefined
./FOD/FOD/training_dataset/train_235.jpg,1238,717,1352,829,UnDefined
./FOD/FOD/training_dataset/train_235.jpg,546,541,753,653,UnDefined
./FOD/FOD/training_dataset/train_235.jpg,1236,1022,1379,1179,UnDefined
./FOD/FOD/training_dataset/train_235.jpg,899,1090,1005,1187,UnDefined
./FOD/FOD/training_dataset/train_236.jpg,77,1107,229,1245,UnDefined
./FOD/FOD/training_dataset/train_236.jpg,0,758,91,921,UnDefined
./FOD/FOD/training_dataset/train_236.jpg,379,1267,512,1351,UnDefined
./FOD/FOD/training_dataset/train_237.jpg,1059,829,1162,950,UnDefined
./FOD/FOD/training_dataset/train_237.jpg,918,864,1105,1007,UnDefined
./FOD/FOD/training_dataset/train_237.jpg,1241,787,1389,911,UnDefined
./FOD/FOD/training_dataset/train_239.jpg,1442,249,1592,408,UnDefined
./FOD/FOD/training_dataset/train_239.jpg,1282,568,1492,792,UnDefined
./FOD/FOD/training_dataset/train_239.jpg,1888,697,2061,815,UnDefined
./FOD/FOD/training_dataset/train_240.jpg,2195,1171,2270,1322,UnDefined
./FOD/FOD/training_dataset/train_240.jpg,1694,712,1827,817,UnDefined
./FOD/FOD/training_dataset/train_241.jpg,1640,451,1775,514,UnDefined
./FOD/FOD/training_dataset/train_241.jpg,1497,418,1597,477,UnDefined
./FOD/FOD/training_dataset/train_241.jpg,1427,524,1553,613,UnDefined
./FOD/FOD/training_dataset/train_242.jpg,945,660,1105,778,UnDefined
./FOD/FOD/training_dataset/train_242.jpg,1004,468,1162,573,UnDefined
./FOD/FOD/training_dataset/train_242.jpg,1415,182,1533,318,UnDefined
./FOD/FOD/training_dataset/train_243.jpg,702,221,813,322,UnDefined
./FOD/FOD/training_dataset/train_243.jpg,546,285,645,382,UnDefined
./FOD/FOD/training_dataset/train_243.jpg,800,443,886,536,UnDefined
./FOD/FOD/training_dataset/train_244.jpg,957,662,1085,780,UnDefined
./FOD/FOD/training_dataset/train_244.jpg,994,451,1160,569,UnDefined
./FOD/FOD/training_dataset/train_244.jpg,1139,605,1209,692,UnDefined
./FOD/FOD/training_dataset/train_246.jpg,1630,465,1762,531,UnDefined
./FOD/FOD/training_dataset/train_246.jpg,1509,414,1593,492,UnDefined
./FOD/FOD/training_dataset/train_246.jpg,1964,485,2065,561,UnDefined
./FOD/FOD/training_dataset/train_247.jpg,1952,467,2058,569,UnDefined
./FOD/FOD/training_dataset/train_248.jpg,1149,746,1310,871,UnDefined
./FOD/FOD/training_dataset/train_248.jpg,675,571,898,842,UnDefined
./FOD/FOD/training_dataset/train_248.jpg,1256,1075,1359,1177,UnDefined
./FOD/FOD/training_dataset/train_248.jpg,1105,1054,1191,1165,UnDefined
./FOD/FOD/training_dataset/train_250.jpg,226,987,305,1096,UnDefined
./FOD/FOD/training_dataset/train_250.jpg,45,556,103,621,UnDefined
./FOD/FOD/training_dataset/train_250.jpg,221,1135,286,1226,UnDefined
./FOD/FOD/training_dataset/train_250.jpg,360,957,475,1059,UnDefined
./FOD/FOD/training_dataset/train_251.jpg,1014,790,1107,898,UnDefined
./FOD/FOD/training_dataset/train_251.jpg,640,672,805,802,UnDefined
./FOD/FOD/training_dataset/train_251.jpg,712,1150,802,1305,UnDefined
./FOD/FOD/training_dataset/train_252.jpg,1005,643,1071,734,UnDefined
./FOD/FOD/training_dataset/train_252.jpg,655,680,771,783,UnDefined
./FOD/FOD/training_dataset/train_252.jpg,645,980,731,1069,UnDefined
./FOD/FOD/training_dataset/train_252.jpg,709,1140,797,1300,UnDefined
./FOD/FOD/training_dataset/train_255.jpg,920,461,1046,610,UnDefined
./FOD/FOD/training_dataset/train_255.jpg,1019,216,1098,318,UnDefined
./FOD/FOD/training_dataset/train_255.jpg,1329,753,1501,955,UnDefined
./FOD/FOD/training_dataset/train_255.jpg,1113,869,1270,1031,UnDefined
./FOD/FOD/training_dataset/train_256.jpg,972,1196,1044,1261,UnDefined
./FOD/FOD/training_dataset/train_256.jpg,640,669,773,746,UnDefined
./FOD/FOD/training_dataset/train_258.jpg,1260,1041,1578,1171,UnDefined
./FOD/FOD/training_dataset/train_258.jpg,926,547,1024,729,UnDefined
./FOD/FOD/training_dataset/train_259.jpg,1401,275,1496,397,UnDefined
./FOD/FOD/training_dataset/train_259.jpg,1069,493,1189,610,UnDefined
./FOD/FOD/training_dataset/train_259.jpg,1273,635,1381,724,UnDefined
./FOD/FOD/training_dataset/train_261.jpg,1243,1053,1517,1172,UnDefined
./FOD/FOD/training_dataset/train_262.jpg,792,1167,854,1256,UnDefined
./FOD/FOD/training_dataset/train_262.jpg,958,980,1054,1078,UnDefined
./FOD/FOD/training_dataset/train_263.jpg,879,1027,1005,1164,UnDefined
./FOD/FOD/training_dataset/train_263.jpg,756,682,871,862,UnDefined
./FOD/FOD/training_dataset/train_263.jpg,1179,1176,1309,1268,UnDefined
./FOD/FOD/training_dataset/train_263.jpg,1149,869,1295,1019,UnDefined
./FOD/FOD/training_dataset/train_264.jpg,1031,563,1169,739,UnDefined
./FOD/FOD/training_dataset/train_264.jpg,1117,303,1224,418,UnDefined
./FOD/FOD/training_dataset/train_264.jpg,1255,997,1391,1137,UnDefined
./FOD/FOD/training_dataset/train_264.jpg,1448,852,1647,1083,UnDefined
./FOD/FOD/training_dataset/train_266.jpg,903,874,1016,970,UnDefined
./FOD/FOD/training_dataset/train_267.jpg,1351,1155,1496,1231,UnDefined
./FOD/FOD/training_dataset/train_267.jpg,916,1014,1056,1135,UnDefined
./FOD/FOD/training_dataset/train_267.jpg,2161,788,2274,852,UnDefined
./FOD/FOD/training_dataset/train_267.jpg,1704,990,1800,1093,UnDefined
./FOD/FOD/training_dataset/train_268.jpg,1011,436,1154,579,UnDefined
./FOD/FOD/training_dataset/train_268.jpg,952,650,1091,812,UnDefined
./FOD/FOD/training_dataset/train_268.jpg,1137,610,1228,731,UnDefined
./FOD/FOD/training_dataset/train_270.jpg,2104,544,2284,738,UnDefined
./FOD/FOD/training_dataset/train_270.jpg,1944,652,2075,817,UnDefined
./FOD/FOD/training_dataset/train_270.jpg,1758,340,1898,450,UnDefined
./FOD/FOD/training_dataset/train_270.jpg,1811,115,1927,197,UnDefined
./FOD/FOD/training_dataset/train_271.jpg,1935,468,2082,568,UnDefined
./FOD/FOD/training_dataset/train_272.jpg,1160,729,1300,872,UnDefined
./FOD/FOD/training_dataset/train_272.jpg,694,586,916,840,UnDefined
./FOD/FOD/training_dataset/train_272.jpg,1258,1049,1378,1179,UnDefined
./FOD/FOD/training_dataset/train_272.jpg,1093,1022,1218,1179,UnDefined
./FOD/FOD/training_dataset/train_273.jpg,965,109,1041,212,UnDefined
./FOD/FOD/training_dataset/train_273.jpg,1110,465,1206,660,UnDefined
./FOD/FOD/training_dataset/train_274.jpg,1209,729,1378,822,UnDefined
./FOD/FOD/training_dataset/train_274.jpg,561,525,768,672,UnDefined
./FOD/FOD/training_dataset/train_274.jpg,1228,1032,1371,1169,UnDefined
./FOD/FOD/training_dataset/train_274.jpg,896,1098,1005,1187,UnDefined
./FOD/FOD/training_dataset/train_277.jpg,719,559,788,653,UnDefined
./FOD/FOD/training_dataset/train_277.jpg,603,384,726,520,UnDefined
./FOD/FOD/training_dataset/train_277.jpg,975,616,1101,810,UnDefined
./FOD/FOD/training_dataset/train_277.jpg,781,552,861,664,UnDefined
./FOD/FOD/training_dataset/train_278.jpg,896,1101,1004,1174,UnDefined
./FOD/FOD/training_dataset/train_278.jpg,1214,726,1379,813,UnDefined
./FOD/FOD/training_dataset/train_279.jpg,904,1101,992,1203,UnDefined
./FOD/FOD/training_dataset/train_279.jpg,1189,716,1347,817,UnDefined
./FOD/FOD/training_dataset/train_279.jpg,1224,1037,1369,1155,UnDefined
./FOD/FOD/training_dataset/train_281.jpg,492,403,589,502,UnDefined
./FOD/FOD/training_dataset/train_281.jpg,861,561,1004,659,UnDefined
./FOD/FOD/training_dataset/train_281.jpg,1209,1157,1357,1300,UnDefined
./FOD/FOD/training_dataset/train_281.jpg,909,807,1048,941,UnDefined
./FOD/FOD/training_dataset/train_285.jpg,1637,576,1772,637,UnDefined
./FOD/FOD/training_dataset/train_285.jpg,1521,544,1587,598,UnDefined
./FOD/FOD/training_dataset/train_285.jpg,1484,660,1543,707,UnDefined
./FOD/FOD/training_dataset/train_285.jpg,1435,679,1480,726,UnDefined
./FOD/FOD/training_dataset/train_287.jpg,1053,519,1191,605,UnDefined
./FOD/FOD/training_dataset/train_287.jpg,973,662,1110,776,UnDefined
./FOD/FOD/training_dataset/train_287.jpg,1689,456,1762,505,UnDefined
./FOD/FOD/training_dataset/train_287.jpg,1391,296,1474,394,UnDefined
./FOD/FOD/training_dataset/train_289.jpg,1514,825,1612,952,UnDefined
./FOD/FOD/training_dataset/train_289.jpg,1388,893,1563,1011,UnDefined
./FOD/FOD/training_dataset/train_289.jpg,2243,795,2328,889,UnDefined
./FOD/FOD/training_dataset/train_289.jpg,1723,798,1814,876,UnDefined
./FOD/FOD/training_dataset/train_293.jpg,691,554,778,647,UnDefined
./FOD/FOD/training_dataset/train_293.jpg,593,391,706,531,UnDefined
./FOD/FOD/training_dataset/train_293.jpg,980,613,1101,819,UnDefined
./FOD/FOD/training_dataset/train_293.jpg,776,557,872,660,UnDefined
./FOD/FOD/training_dataset/train_296.jpg,455,692,556,792,UnDefined
./FOD/FOD/training_dataset/train_296.jpg,559,372,642,557,UnDefined
./FOD/FOD/training_dataset/train_298.jpg,984,1196,1046,1258,UnDefined
./FOD/FOD/training_dataset/train_298.jpg,699,1149,800,1297,UnDefined
./FOD/FOD/training_dataset/train_298.jpg,1005,923,1083,1011,UnDefined
./FOD/FOD/training_dataset/train_299.jpg,1822,113,1937,214,UnDefined
./FOD/FOD/training_dataset/train_299.jpg,1164,549,1304,741,UnDefined
./FOD/FOD/training_dataset/train_300.jpg,1240,633,1391,746,UnDefined
./FOD/FOD/training_dataset/train_300.jpg,701,608,909,723,UnDefined
./FOD/FOD/training_dataset/train_300.jpg,1617,780,1716,829,UnDefined
./FOD/FOD/training_dataset/train_300.jpg,1403,844,1528,1012,UnDefined
./FOD/FOD/training_dataset/train_301.jpg,514,696,623,812,UnDefined
./FOD/FOD/training_dataset/train_301.jpg,401,354,527,532,UnDefined
./FOD/FOD/training_dataset/train_301.jpg,793,551,916,684,UnDefined
./FOD/FOD/training_dataset/train_301.jpg,832,857,921,941,UnDefined
./FOD/FOD/training_dataset/train_304.jpg,1171,404,1240,510,UnDefined
./FOD/FOD/training_dataset/train_304.jpg,1100,485,1201,652,UnDefined
./FOD/FOD/training_dataset/train_304.jpg,963,115,1037,192,UnDefined
./FOD/FOD/training_dataset/train_305.jpg,1223,1037,1357,1154,UnDefined
./FOD/FOD/training_dataset/train_305.jpg,871,1080,1016,1218,UnDefined
./FOD/FOD/training_dataset/train_305.jpg,1218,724,1359,813,UnDefined
./FOD/FOD/training_dataset/train_306.jpg,1954,477,2048,583,UnDefined
./FOD/FOD/training_dataset/train_306.jpg,1497,411,1615,504,UnDefined
./FOD/FOD/training_dataset/train_307.jpg,1531,1049,1768,1167,UnDefined
./FOD/FOD/training_dataset/train_307.jpg,741,664,906,763,UnDefined
./FOD/FOD/training_dataset/train_307.jpg,2338,871,2462,943,UnDefined
./FOD/FOD/training_dataset/train_310.jpg,797,968,884,1069,UnDefined
./FOD/FOD/training_dataset/train_310.jpg,627,1016,729,1101,UnDefined
./FOD/FOD/training_dataset/train_310.jpg,632,1160,699,1246,UnDefined
./FOD/FOD/training_dataset/train_311.jpg,928,866,1053,1019,UnDefined
./FOD/FOD/training_dataset/train_311.jpg,482,399,680,640,UnDefined
./FOD/FOD/training_dataset/train_311.jpg,982,525,1145,699,UnDefined
./FOD/FOD/training_dataset/train_311.jpg,1085,854,1229,1009,UnDefined
./FOD/FOD/training_dataset/train_312.jpg,1369,271,1524,401,UnDefined
./FOD/FOD/training_dataset/train_312.jpg,1009,497,1258,638,UnDefined
./FOD/FOD/training_dataset/train_312.jpg,1645,408,1821,539,UnDefined
./FOD/FOD/training_dataset/train_312.jpg,1157,605,1309,736,UnDefined
./FOD/FOD/training_dataset/train_314.jpg,1031,300,1189,451,UnDefined
./FOD/FOD/training_dataset/train_314.jpg,387,461,659,600,UnDefined
./FOD/FOD/training_dataset/train_315.jpg,1378,269,1472,421,UnDefined
./FOD/FOD/training_dataset/train_315.jpg,1049,495,1187,615,UnDefined
./FOD/FOD/training_dataset/train_315.jpg,1012,669,1140,773,UnDefined
./FOD/FOD/training_dataset/train_315.jpg,1681,445,1775,524,UnDefined
./FOD/FOD/training_dataset/train_318.jpg,1246,1059,1541,1184,UnDefined
./FOD/FOD/training_dataset/train_318.jpg,893,566,1101,765,UnDefined
./FOD/FOD/training_dataset/train_318.jpg,2082,874,2216,977,UnDefined
./FOD/FOD/training_dataset/train_318.jpg,1384,793,1573,916,UnDefined
./FOD/FOD/training_dataset/train_319.jpg,1004,461,1177,573,UnDefined
./FOD/FOD/training_dataset/train_319.jpg,963,664,1088,798,UnDefined
./FOD/FOD/training_dataset/train_319.jpg,1128,588,1267,712,UnDefined
./FOD/FOD/training_dataset/train_320.jpg,1229,677,1381,849,UnDefined
./FOD/FOD/training_dataset/train_320.jpg,1354,433,1467,541,UnDefined
./FOD/FOD/training_dataset/train_320.jpg,1460,1091,1645,1272,UnDefined
./FOD/FOD/training_dataset/train_320.jpg,1647,948,1864,1184,UnDefined
./FOD/FOD/training_dataset/train_321.jpg,,,,,
./FOD/FOD/training_dataset/train_322.jpg,,,,,
./FOD/FOD/training_dataset/train_323.jpg,,,,,
./FOD/FOD/training_dataset/train_324.jpg,,,,,
./FOD/FOD/training_dataset/train_325.jpg,,,,,
./FOD/FOD/training_dataset/train_326.jpg,,,,,
./FOD/FOD/training_dataset/train_327.jpg,,,,,
./FOD/FOD/training_dataset/train_328.jpg,,,,,
./FOD/FOD/training_dataset/train_329.jpg,,,,,
./FOD/FOD/training_dataset/train_330.jpg,,,,,
./FOD/FOD/training_dataset/train_331.jpg,,,,,
./FOD/FOD/training_dataset/train_332.jpg,,,,,
./FOD/FOD/training_dataset/train_333.jpg,,,,,
./FOD/FOD/training_dataset/train_334.jpg,,,,,
./FOD/FOD/training_dataset/train_335.jpg,,,,,
./FOD/FOD/training_dataset/train_336.jpg,,,,,
./FOD/FOD/training_dataset/train_337.jpg,,,,,
./FOD/FOD/training_dataset/train_338.jpg,,,,,
./FOD/FOD/training_dataset/train_339.jpg,,,,,
./FOD/FOD/training_dataset/train_340.jpg,,,,,
./FOD/FOD/training_dataset/train_341.jpg,,,,,
./FOD/FOD/training_dataset/train_342.jpg,,,,,
./FOD/FOD/training_dataset/train_343.jpg,,,,,
./FOD/FOD/training_dataset/train_344.jpg,,,,,
./FOD/FOD/training_dataset/train_345.jpg,,,,,
./FOD/FOD/training_dataset/train_346.jpg,,,,,
./FOD/FOD/training_dataset/train_347.jpg,,,,,
./FOD/FOD/training_dataset/train_348.jpg,,,,,
./FOD/FOD/training_dataset/train_349.jpg,,,,,
./FOD/FOD/training_dataset/train_350.jpg,,,,,
./FOD/FOD/training_dataset/train_351.jpg,,,,,
./FOD/FOD/training_dataset/train_352.jpg,,,,,
./FOD/FOD/training_dataset/train_353.jpg,,,,,
./FOD/FOD/training_dataset/train_354.jpg,,,,,
./FOD/FOD/training_dataset/train_355.jpg,,,,,
./FOD/FOD/training_dataset/train_356.jpg,,,,,
./FOD/FOD/training_dataset/train_357.jpg,,,,,
./FOD/FOD/training_dataset/train_358.jpg,,,,,
./FOD/FOD/training_dataset/train_359.jpg,,,,,
./FOD/FOD/training_dataset/train_360.jpg,,,,,
./FOD/FOD/training_dataset/train_361.jpg,,,,,
./FOD/FOD/training_dataset/train_362.jpg,,,,,
./FOD/FOD/training_dataset/train_363.jpg,,,,,
./FOD/FOD/training_dataset/train_364.jpg,,,,,
./FOD/FOD/training_dataset/train_365.jpg,,,,,
./FOD/FOD/training_dataset/train_366.jpg,,,,,
./FOD/FOD/training_dataset/train_367.jpg,,,,,
./FOD/FOD/training_dataset/train_368.jpg,,,,,
./FOD/FOD/training_dataset/train_369.jpg,,,,,
./FOD/FOD/training_dataset/train_370.jpg,,,,,
./FOD/FOD/training_dataset/train_371.jpg,,,,,
./FOD/FOD/training_dataset/train_372.jpg,,,,,
./FOD/FOD/training_dataset/train_373.jpg,,,,,
./FOD/FOD/training_dataset/train_374.jpg,,,,,
./FOD/FOD/training_dataset/train_375.jpg,,,,,
./FOD/FOD/training_dataset/train_376.jpg,,,,,
./FOD/FOD/training_dataset/train_377.jpg,,,,,
./FOD/FOD/training_dataset/train_378.jpg,,,,,
./FOD/FOD/training_dataset/train_379.jpg,,,,,
./FOD/FOD/training_dataset/train_380.jpg,,,,,
./FOD/FOD/training_dataset/train_381.jpg,,,,,
./FOD/FOD/training_dataset/train_382.jpg,,,,,
./FOD/FOD/training_dataset/train_383.jpg,,,,,
./FOD/FOD/training_dataset/train_384.jpg,,,,,
./FOD/FOD/training_dataset/train_385.jpg,,,,,
./FOD/FOD/training_dataset/train_386.jpg,,,,,
./FOD/FOD/training_dataset/train_387.jpg,,,,,
./FOD/FOD/training_dataset/train_388.jpg,,,,,
./FOD/FOD/training_dataset/train_389.jpg,,,,,
./FOD/FOD/training_dataset/train_390.jpg,,,,,
./FOD/FOD/training_dataset/train_391.jpg,,,,,
./FOD/FOD/training_dataset/train_392.jpg,,,,,
./FOD/FOD/training_dataset/train_393.jpg,,,,,
./FOD/FOD/training_dataset/train_394.jpg,,,,,
./FOD/FOD/training_dataset/train_395.jpg,,,,,
./FOD/FOD/training_dataset/train_396.jpg,,,,,
./FOD/FOD/training_dataset/train_397.jpg,,,,,
./FOD/FOD/training_dataset/train_398.jpg,,,,,
./FOD/FOD/training_dataset/train_399.jpg,,,,,
./FOD/FOD/training_dataset/train_400.jpg,,,,,
./FOD/FOD/training_dataset/train_402.jpg,626,900,704,946,UnDefined
./FOD/FOD/training_dataset/train_402.jpg,678,681,719,721,UnDefined
./FOD/FOD/training_dataset/train_402.jpg,1016,943,1069,1001,UnDefined
./FOD/FOD/training_dataset/train_402.jpg,997,1210,1030,1249,UnDefined
./FOD/FOD/training_dataset/train_404.jpg,2502,433,2557,454,UnDefined
./FOD/FOD/training_dataset/train_405.jpg,922,1120,972,1181,UnDefined
./FOD/FOD/training_dataset/train_405.jpg,1248,751,1327,797,UnDefined
./FOD/FOD/training_dataset/train_406.jpg,713,1165,784,1285,UnDefined
./FOD/FOD/training_dataset/train_408.jpg,617,894,707,956,UnDefined
./FOD/FOD/training_dataset/train_408.jpg,668,681,726,730,UnDefined
./FOD/FOD/training_dataset/train_408.jpg,991,1201,1030,1246,UnDefined
./FOD/FOD/training_dataset/train_408.jpg,1027,962,1069,1001,UnDefined
./FOD/FOD/training_dataset/train_409.jpg,1265,985,1340,1027,UnDefined
./FOD/FOD/training_dataset/train_409.jpg,1088,520,1172,594,UnDefined
./FOD/FOD/training_dataset/train_410.jpg,1643,462,1746,510,UnDefined
./FOD/FOD/training_dataset/train_410.jpg,1514,433,1572,465,UnDefined
./FOD/FOD/training_dataset/train_410.jpg,1485,536,1533,588,UnDefined
./FOD/FOD/training_dataset/train_410.jpg,1446,558,1482,604,UnDefined
./FOD/FOD/training_dataset/train_411.jpg,1010,478,1133,552,UnDefined
./FOD/FOD/training_dataset/train_411.jpg,1424,210,1508,297,UnDefined
./FOD/FOD/training_dataset/train_411.jpg,1146,620,1185,678,UnDefined
./FOD/FOD/training_dataset/train_411.jpg,959,678,1069,768,UnDefined
./FOD/FOD/training_dataset/train_411.jpg,1246,1056,1333,1091,UnDefined
./FOD/FOD/training_dataset/train_412.jpg,1027,952,1069,1001,UnDefined
./FOD/FOD/training_dataset/train_412.jpg,675,678,726,720,UnDefined
./FOD/FOD/training_dataset/train_412.jpg,988,1214,1036,1246,UnDefined
./FOD/FOD/training_dataset/train_412.jpg,617,897,713,956,UnDefined
./FOD/FOD/training_dataset/train_414.jpg,1062,517,1162,600,UnDefined
./FOD/FOD/training_dataset/train_414.jpg,1398,303,1482,381,UnDefined
./FOD/FOD/training_dataset/train_414.jpg,1036,681,1107,755,UnDefined
./FOD/FOD/training_dataset/train_414.jpg,1682,478,1753,510,UnDefined
./FOD/FOD/training_dataset/train_414.jpg,1256,988,1320,1020,UnDefined
./FOD/FOD/training_dataset/train_415.jpg,1405,314,1475,384,UnDefined
./FOD/FOD/training_dataset/train_415.jpg,1073,529,1178,596,UnDefined
./FOD/FOD/training_dataset/train_415.jpg,1274,649,1353,733,UnDefined
./FOD/FOD/training_dataset/train_415.jpg,1687,457,1772,506,UnDefined
./FOD/FOD/training_dataset/train_415.jpg,1265,980,1335,1021,UnDefined
./FOD/FOD/training_dataset/train_416.jpg,1420,809,1527,896,UnDefined
./FOD/FOD/training_dataset/train_416.jpg,951,593,1009,695,UnDefined
./FOD/FOD/training_dataset/train_416.jpg,2095,893,2191,937,UnDefined
./FOD/FOD/training_dataset/train_416.jpg,1274,1073,1463,1140,UnDefined
./FOD/FOD/training_dataset/train_416.jpg,2383,852,2470,922,UnDefined
./FOD/FOD/training_dataset/train_417.jpg,975,663,1073,771,UnDefined
./FOD/FOD/training_dataset/train_417.jpg,1039,477,1126,541,UnDefined
./FOD/FOD/training_dataset/train_417.jpg,1434,204,1516,297,UnDefined
./FOD/FOD/training_dataset/train_417.jpg,1149,599,1196,678,UnDefined
./FOD/FOD/training_dataset/train_417.jpg,1245,1039,1329,1088,UnDefined
./FOD/FOD/training_dataset/train_418.jpg,1056,899,1155,1030,UnDefined
./FOD/FOD/training_dataset/train_418.jpg,381,637,503,716,UnDefined
./FOD/FOD/training_dataset/train_418.jpg,2397,847,2499,931,UnDefined
./FOD/FOD/training_dataset/train_418.jpg,1265,812,1318,855,UnDefined
./FOD/FOD/training_dataset/train_419.jpg,1743,561,1871,733,UnDefined
./FOD/FOD/training_dataset/train_419.jpg,1463,143,1521,204,UnDefined
./FOD/FOD/training_dataset/train_419.jpg,1577,695,1708,800,UnDefined
./FOD/FOD/training_dataset/train_420.jpg,1443,1100,1562,1207,UnDefined
./FOD/FOD/training_dataset/train_420.jpg,1347,503,1393,564,UnDefined
./FOD/FOD/training_dataset/train_420.jpg,1641,975,1754,1132,UnDefined
./FOD/FOD/training_dataset/train_422.jpg,858,556,899,614,UnDefined
./FOD/FOD/training_dataset/train_422.jpg,637,436,695,567,UnDefined
./FOD/FOD/training_dataset/train_422.jpg,1114,925,1172,1018,UnDefined
./FOD/FOD/training_dataset/train_422.jpg,561,692,620,783,UnDefined
./FOD/FOD/training_dataset/train_423.jpg,1114,611,1196,678,UnDefined
./FOD/FOD/training_dataset/train_423.jpg,963,657,1050,759,UnDefined
./FOD/FOD/training_dataset/train_423.jpg,1222,969,1329,1082,UnDefined
./FOD/FOD/training_dataset/train_423.jpg,1231,835,1271,893,UnDefined
./FOD/FOD/training_dataset/train_425.jpg,1251,1059,1347,1129,UnDefined
./FOD/FOD/training_dataset/train_425.jpg,916,1117,980,1199,UnDefined
./FOD/FOD/training_dataset/train_425.jpg,6,503,128,640,UnDefined
./FOD/FOD/training_dataset/train_425.jpg,1245,733,1341,815,UnDefined
./FOD/FOD/training_dataset/train_429.jpg,1236,739,1324,806,UnDefined
./FOD/FOD/training_dataset/train_429.jpg,6,492,119,634,UnDefined
./FOD/FOD/training_dataset/train_429.jpg,1257,1030,1335,1135,UnDefined
./FOD/FOD/training_dataset/train_429.jpg,922,1117,969,1187,UnDefined
./FOD/FOD/training_dataset/train_430.jpg,1268,1123,1341,1175,UnDefined
./FOD/FOD/training_dataset/train_430.jpg,515,844,689,916,UnDefined
./FOD/FOD/training_dataset/train_430.jpg,1559,1204,1661,1268,UnDefined
./FOD/FOD/training_dataset/train_431.jpg,881,570,975,652,UnDefined
./FOD/FOD/training_dataset/train_431.jpg,500,422,550,483,UnDefined
./FOD/FOD/training_dataset/train_431.jpg,1219,1161,1361,1297,UnDefined
./FOD/FOD/training_dataset/train_431.jpg,922,829,1024,916,UnDefined
./FOD/FOD/training_dataset/train_432.jpg,1484,1129,1606,1251,UnDefined
./FOD/FOD/training_dataset/train_432.jpg,1353,474,1411,527,UnDefined
./FOD/FOD/training_dataset/train_432.jpg,1658,989,1836,1187,UnDefined
./FOD/FOD/training_dataset/train_432.jpg,1254,713,1382,844,UnDefined
./FOD/FOD/training_dataset/train_433.jpg,1382,303,1478,390,UnDefined
./FOD/FOD/training_dataset/train_433.jpg,1079,521,1161,591,UnDefined
./FOD/FOD/training_dataset/train_433.jpg,1257,977,1341,1021,UnDefined
./FOD/FOD/training_dataset/train_434.jpg,1402,311,1487,390,UnDefined
./FOD/FOD/training_dataset/train_434.jpg,1085,515,1184,593,UnDefined
./FOD/FOD/training_dataset/train_434.jpg,1265,652,1359,751,UnDefined
./FOD/FOD/training_dataset/train_434.jpg,1708,463,1777,506,UnDefined
./FOD/FOD/training_dataset/train_434.jpg,1257,977,1347,1030,UnDefined
./FOD/FOD/training_dataset/train_435.jpg,1137,335,1199,399,UnDefined
./FOD/FOD/training_dataset/train_435.jpg,1548,908,1591,989,UnDefined
./FOD/FOD/training_dataset/train_437.jpg,1033,303,1181,439,UnDefined
./FOD/FOD/training_dataset/train_437.jpg,425,480,623,559,UnDefined
./FOD/FOD/training_dataset/train_437.jpg,1597,873,1708,957,UnDefined
./FOD/FOD/training_dataset/train_437.jpg,1257,806,1344,861,UnDefined
./FOD/FOD/training_dataset/train_438.jpg,1088,928,1140,960,UnDefined
./FOD/FOD/training_dataset/train_438.jpg,879,689,986,820,UnDefined
./FOD/FOD/training_dataset/train_438.jpg,1254,1004,1306,1036,UnDefined
./FOD/FOD/training_dataset/train_439.jpg,704,1158,785,1280,UnDefined
./FOD/FOD/training_dataset/train_439.jpg,666,687,748,797,UnDefined
./FOD/FOD/training_dataset/train_441.jpg,1635,963,1786,1155,UnDefined
./FOD/FOD/training_dataset/train_441.jpg,1347,512,1408,564,UnDefined
./FOD/FOD/training_dataset/train_441.jpg,1463,1105,1577,1210,UnDefined
./FOD/FOD/training_dataset/train_442.jpg,1100,948,1199,986,UnDefined
./FOD/FOD/training_dataset/train_442.jpg,387,646,509,716,UnDefined
./FOD/FOD/training_dataset/train_442.jpg,2397,893,2493,919,UnDefined
./FOD/FOD/training_dataset/train_443.jpg,1673,785,1812,881,UnDefined
./FOD/FOD/training_dataset/train_443.jpg,1199,588,1271,710,UnDefined
./FOD/FOD/training_dataset/train_443.jpg,2359,879,2444,925,UnDefined
./FOD/FOD/training_dataset/train_443.jpg,1545,1076,1731,1135,UnDefined
./FOD/FOD/training_dataset/train_444.jpg,646,989,721,1071,UnDefined
./FOD/FOD/training_dataset/train_444.jpg,666,675,759,794,UnDefined
./FOD/FOD/training_dataset/train_444.jpg,719,1164,797,1274,UnDefined
./FOD/FOD/training_dataset/train_445.jpg,463,451,518,500,UnDefined
./FOD/FOD/training_dataset/train_446.jpg,1690,463,1777,509,UnDefined
./FOD/FOD/training_dataset/train_446.jpg,1399,300,1495,401,UnDefined
./FOD/FOD/training_dataset/train_446.jpg,1274,556,1347,649,UnDefined
./FOD/FOD/training_dataset/train_446.jpg,1082,518,1184,596,UnDefined
./FOD/FOD/training_dataset/train_446.jpg,1263,972,1341,1036,UnDefined
./FOD/FOD/training_dataset/train_447.jpg,2036,1149,2089,1260,UnDefined
./FOD/FOD/training_dataset/train_447.jpg,826,1184,928,1271,UnDefined
./FOD/FOD/training_dataset/train_448.jpg,983,1193,1033,1251,UnDefined
./FOD/FOD/training_dataset/train_448.jpg,1009,931,1085,1015,UnDefined
./FOD/FOD/training_dataset/train_448.jpg,710,1169,791,1286,UnDefined
./FOD/FOD/training_dataset/train_449.jpg,1236,739,1347,809,UnDefined
./FOD/FOD/training_dataset/train_449.jpg,858,1088,931,1161,UnDefined
./FOD/FOD/training_dataset/train_452.jpg,1225,736,1353,803,UnDefined
./FOD/FOD/training_dataset/train_452.jpg,919,1105,986,1178,UnDefined
./FOD/FOD/training_dataset/train_452.jpg,1257,1041,1341,1135,UnDefined
./FOD/FOD/training_dataset/train_453.jpg,419,838,643,943,UnDefined
./FOD/FOD/training_dataset/train_453.jpg,1047,669,1146,785,UnDefined
./FOD/FOD/training_dataset/train_453.jpg,1600,1231,1719,1324,UnDefined
./FOD/FOD/training_dataset/train_453.jpg,1277,1146,1353,1233,UnDefined
./FOD/FOD/training_dataset/train_455.jpg,183,1001,294,1094,UnDefined
./FOD/FOD/training_dataset/train_455.jpg,108,663,183,800,UnDefined
./FOD/FOD/training_dataset/train_455.jpg,495,1152,567,1228,UnDefined
./FOD/FOD/training_dataset/train_455.jpg,486,849,585,972,UnDefined
./FOD/FOD/training_dataset/train_457.jpg,1236,736,1327,809,UnDefined
./FOD/FOD/training_dataset/train_457.jpg,576,561,748,660,UnDefined
./FOD/FOD/training_dataset/train_457.jpg,1236,1053,1344,1143,UnDefined
./FOD/FOD/training_dataset/train_457.jpg,922,1114,972,1178,UnDefined
./FOD/FOD/training_dataset/train_458.jpg,1548,1073,1719,1126,UnDefined
./FOD/FOD/training_dataset/train_458.jpg,768,678,896,739,UnDefined
./FOD/FOD/training_dataset/train_458.jpg,2365,884,2429,919,UnDefined
./FOD/FOD/training_dataset/train_458.jpg,1687,803,1792,881,UnDefined
./FOD/FOD/training_dataset/train_459.jpg,1021,1050,1123,1169,UnDefined
./FOD/FOD/training_dataset/train_459.jpg,803,797,896,887,UnDefined
./FOD/FOD/training_dataset/train_460.jpg,849,556,890,614,UnDefined
./FOD/FOD/training_dataset/train_460.jpg,643,428,698,570,UnDefined
./FOD/FOD/training_dataset/train_460.jpg,1108,931,1175,1004,UnDefined
./FOD/FOD/training_dataset/train_460.jpg,937,919,1033,975,UnDefined
./FOD/FOD/training_dataset/train_461.jpg,1620,468,1757,515,UnDefined
./FOD/FOD/training_dataset/train_461.jpg,1501,431,1585,477,UnDefined
./FOD/FOD/training_dataset/train_461.jpg,1952,489,2045,556,UnDefined
./FOD/FOD/training_dataset/train_462.jpg,1519,852,1617,940,UnDefined
./FOD/FOD/training_dataset/train_462.jpg,1417,899,1559,998,UnDefined
./FOD/FOD/training_dataset/train_462.jpg,2243,788,2301,876,UnDefined
./FOD/FOD/training_dataset/train_462.jpg,1734,815,1812,852,UnDefined
./FOD/FOD/training_dataset/train_463.jpg,1571,797,1655,835,UnDefined
./FOD/FOD/training_dataset/train_463.jpg,1361,867,1472,940,UnDefined
./FOD/FOD/training_dataset/train_463.jpg,2380,806,2449,855,UnDefined
./FOD/FOD/training_dataset/train_463.jpg,1443,826,1513,890,UnDefined
./FOD/FOD/training_dataset/train_465.jpg,1440,201,1516,282,UnDefined
./FOD/FOD/training_dataset/train_465.jpg,1030,468,1137,561,UnDefined
./FOD/FOD/training_dataset/train_465.jpg,1140,614,1196,681,UnDefined
./FOD/FOD/training_dataset/train_465.jpg,966,669,1071,765,UnDefined
./FOD/FOD/training_dataset/train_465.jpg,1248,1036,1335,1088,UnDefined
./FOD/FOD/training_dataset/train_466.jpg,1012,579,1129,675,UnDefined
./FOD/FOD/training_dataset/train_466.jpg,547,445,681,637,UnDefined
./FOD/FOD/training_dataset/train_466.jpg,1105,911,1181,986,UnDefined
./FOD/FOD/training_dataset/train_466.jpg,954,873,1018,975,UnDefined
./FOD/FOD/training_dataset/train_467.jpg,803,535,922,678,UnDefined
./FOD/FOD/training_dataset/train_467.jpg,413,349,515,527,UnDefined
./FOD/FOD/training_dataset/train_467.jpg,803,855,928,940,UnDefined
./FOD/FOD/training_dataset/train_467.jpg,535,713,611,797,UnDefined
./FOD/FOD/training_dataset/train_468.jpg,1228,727,1344,809,UnDefined
./FOD/FOD/training_dataset/train_468.jpg,905,1088,983,1193,UnDefined
./FOD/FOD/training_dataset/train_468.jpg,1251,1036,1359,1140,UnDefined
./FOD/FOD/training_dataset/train_469.jpg,256,873,329,902,UnDefined
./FOD/FOD/training_dataset/train_469.jpg,227,1158,288,1204,UnDefined
./FOD/FOD/training_dataset/train_471.jpg,550,727,605,777,UnDefined
./FOD/FOD/training_dataset/train_471.jpg,637,436,707,570,UnDefined
./FOD/FOD/training_dataset/train_471.jpg,960,1036,1047,1114,UnDefined
./FOD/FOD/training_dataset/train_471.jpg,698,983,733,1047,UnDefined
./FOD/FOD/training_dataset/train_472.jpg,948,1012,1021,1108,UnDefined
./FOD/FOD/training_dataset/train_472.jpg,736,605,788,646,UnDefined
./FOD/FOD/training_dataset/train_472.jpg,1100,989,1187,1079,UnDefined
./FOD/FOD/training_dataset/train_472.jpg,943,1169,992,1265,UnDefined
./FOD/FOD/training_dataset/train_473.jpg,753,1210,809,1297,UnDefined
./FOD/FOD/training_dataset/train_474.jpg,1504,425,1588,489,UnDefined
./FOD/FOD/training_dataset/train_474.jpg,1623,454,1772,518,UnDefined
./FOD/FOD/training_dataset/train_474.jpg,1958,495,2033,570,UnDefined
./FOD/FOD/training_dataset/train_475.jpg,1431,1076,1568,1161,UnDefined
./FOD/FOD/training_dataset/train_475.jpg,1332,524,1393,573,UnDefined
./FOD/FOD/training_dataset/train_475.jpg,1580,948,1745,1105,UnDefined
./FOD/FOD/training_dataset/train_477.jpg,1289,378,1376,495,UnDefined
./FOD/FOD/training_dataset/train_477.jpg,1376,192,1478,273,UnDefined
./FOD/FOD/training_dataset/train_477.jpg,1516,652,1574,707,UnDefined
./FOD/FOD/training_dataset/train_477.jpg,1617,448,1696,512,UnDefined
./FOD/FOD/training_dataset/train_477.jpg,1664,704,1737,759,UnDefined
./FOD/FOD/training_dataset/train_478.jpg,1260,832,1373,948,UnDefined
./FOD/FOD/training_dataset/train_478.jpg,1161,902,1315,1001,UnDefined
./FOD/FOD/training_dataset/train_478.jpg,1996,809,2057,899,UnDefined
./FOD/FOD/training_dataset/train_478.jpg,1460,803,1562,858,UnDefined
./FOD/FOD/training_dataset/train_479.jpg,1009,925,1073,1007,UnDefined
./FOD/FOD/training_dataset/train_479.jpg,672,663,727,756,UnDefined
./FOD/FOD/training_dataset/train_479.jpg,669,937,727,1009,UnDefined
./FOD/FOD/training_dataset/train_479.jpg,977,1199,1047,1245,UnDefined
./FOD/FOD/training_dataset/train_480.jpg,55,564,105,605,UnDefined
./FOD/FOD/training_dataset/train_480.jpg,387,954,489,1094,UnDefined
./FOD/FOD/training_dataset/train_480.jpg,224,1135,282,1210,UnDefined
./FOD/FOD/training_dataset/train_480.jpg,227,983,300,1082,UnDefined
./FOD/FOD/training_dataset/train_482.jpg,1231,733,1335,803,UnDefined
./FOD/FOD/training_dataset/train_482.jpg,6,489,116,640,UnDefined
./FOD/FOD/training_dataset/train_482.jpg,1248,1030,1344,1135,UnDefined
./FOD/FOD/training_dataset/train_482.jpg,922,1094,989,1184,UnDefined
./FOD/FOD/training_dataset/train_483.jpg,1126,495,1201,631,UnDefined
./FOD/FOD/training_dataset/train_483.jpg,1169,413,1236,521,UnDefined
./FOD/FOD/training_dataset/train_483.jpg,980,122,1021,175,UnDefined
./FOD/FOD/training_dataset/train_484.jpg,1263,675,1376,785,UnDefined
./FOD/FOD/training_dataset/train_484.jpg,745,669,861,733,UnDefined
./FOD/FOD/training_dataset/train_484.jpg,1420,916,1524,1027,UnDefined
./FOD/FOD/training_dataset/train_484.jpg,1620,815,1708,855,UnDefined
./FOD/FOD/training_dataset/train_485.jpg,719,579,771,628,UnDefined
./FOD/FOD/training_dataset/train_485.jpg,614,401,713,524,UnDefined
./FOD/FOD/training_dataset/train_485.jpg,980,614,1108,806,UnDefined
./FOD/FOD/training_dataset/train_485.jpg,783,570,876,669,UnDefined
./FOD/FOD/training_dataset/train_486.jpg,916,1105,975,1193,UnDefined
./FOD/FOD/training_dataset/train_486.jpg,573,553,762,637,UnDefined
./FOD/FOD/training_dataset/train_487.jpg,870,564,977,652,UnDefined
./FOD/FOD/training_dataset/train_487.jpg,492,407,561,477,UnDefined
./FOD/FOD/training_dataset/train_487.jpg,1225,1164,1359,1295,UnDefined
./FOD/FOD/training_dataset/train_487.jpg,922,844,1015,916,UnDefined
./FOD/FOD/training_dataset/train_488.jpg,1231,748,1332,806,UnDefined
./FOD/FOD/training_dataset/train_488.jpg,608,524,759,623,UnDefined
./FOD/FOD/training_dataset/train_488.jpg,1242,1062,1376,1140,UnDefined
./FOD/FOD/training_dataset/train_488.jpg,916,1108,975,1207,UnDefined
./FOD/FOD/training_dataset/train_490.jpg,1309,605,1460,765,UnDefined
./FOD/FOD/training_dataset/train_490.jpg,1472,288,1574,375,UnDefined
./FOD/FOD/training_dataset/train_490.jpg,1699,1062,1777,1111,UnDefined
./FOD/FOD/training_dataset/train_490.jpg,1917,707,2022,783,UnDefined
./FOD/FOD/training_dataset/train_491.jpg,905,1103,980,1196,UnDefined
./FOD/FOD/training_dataset/train_492.jpg,2368,835,2505,934,UnDefined
./FOD/FOD/training_dataset/train_494.jpg,483,401,561,500,UnDefined
./FOD/FOD/training_dataset/train_494.jpg,852,553,980,669,UnDefined
./FOD/FOD/training_dataset/train_494.jpg,1199,1143,1347,1295,UnDefined
./FOD/FOD/training_dataset/train_494.jpg,890,800,1004,937,UnDefined
./FOD/FOD/training_dataset/train_495.jpg,841,556,911,631,UnDefined
./FOD/FOD/training_dataset/train_495.jpg,643,422,707,579,UnDefined
./FOD/FOD/training_dataset/train_495.jpg,1105,913,1184,1001,UnDefined
./FOD/FOD/training_dataset/train_495.jpg,928,902,1039,989,UnDefined
./FOD/FOD/training_dataset/train_496.jpg,90,1161,212,1268,UnDefined
./FOD/FOD/training_dataset/train_496.jpg,9,815,102,966,UnDefined
./FOD/FOD/training_dataset/train_496.jpg,399,1321,486,1393,UnDefined
./FOD/FOD/training_dataset/train_496.jpg,393,1015,506,1152,UnDefined
./FOD/FOD/training_dataset/train_497.jpg,1231,727,1315,791,UnDefined
./FOD/FOD/training_dataset/train_497.jpg,1103,733,1164,774,UnDefined
./FOD/FOD/training_dataset/train_497.jpg,1292,803,1318,844,UnDefined
./FOD/FOD/training_dataset/train_498.jpg,509,431,666,634,UnDefined
./FOD/FOD/training_dataset/train_500.jpg,1420,192,1516,285,UnDefined
./FOD/FOD/training_dataset/train_500.jpg,1012,460,1137,556,UnDefined
./FOD/FOD/training_dataset/train_500.jpg,1248,1027,1335,1082,UnDefined
./FOD/FOD/training_dataset/train_500.jpg,960,628,1091,780,UnDefined
./FOD/FOD/training_dataset/train_500.jpg,1955,355,2039,419,UnDefined
./FOD/FOD/training_dataset/train_501.jpg,800,1007,864,1111,UnDefined
./FOD/FOD/training_dataset/train_501.jpg,608,593,660,675,UnDefined
./FOD/FOD/training_dataset/train_501.jpg,803,1181,858,1248,UnDefined
./FOD/FOD/training_dataset/train_501.jpg,945,995,1027,1073,UnDefined
./FOD/FOD/training_dataset/train_502.jpg,1423,727,1487,797,UnDefined
./FOD/FOD/training_dataset/train_502.jpg,1353,628,1434,689,UnDefined
./FOD/FOD/training_dataset/train_502.jpg,1583,884,1708,995,UnDefined
./FOD/FOD/training_dataset/train_502.jpg,1492,809,1533,867,UnDefined
./FOD/FOD/training_dataset/train_503.jpg,721,582,765,637,UnDefined
./FOD/FOD/training_dataset/train_503.jpg,689,489,765,596,UnDefined
./FOD/FOD/training_dataset/train_503.jpg,919,431,1108,547,UnDefined
./FOD/FOD/training_dataset/train_503.jpg,748,547,864,620,UnDefined
./FOD/FOD/training_dataset/train_504.jpg,913,1105,980,1181,UnDefined
./FOD/FOD/training_dataset/train_504.jpg,573,564,733,637,UnDefined
./FOD/FOD/training_dataset/train_504.jpg,1260,1059,1341,1143,UnDefined
./FOD/FOD/training_dataset/train_508.jpg,916,1094,975,1184,UnDefined
./FOD/FOD/training_dataset/train_508.jpg,573,564,736,646,UnDefined
./FOD/FOD/training_dataset/train_512.jpg,867,570,986,663,UnDefined
./FOD/FOD/training_dataset/train_512.jpg,512,401,570,497,UnDefined
./FOD/FOD/training_dataset/train_512.jpg,1228,1164,1359,1297,UnDefined
./FOD/FOD/training_dataset/train_512.jpg,928,832,1027,928,UnDefined
./FOD/FOD/training_dataset/train_513.jpg,998,1199,1027,1239,UnDefined
./FOD/FOD/training_dataset/train_513.jpg,1018,943,1085,1015,UnDefined
./FOD/FOD/training_dataset/train_513.jpg,719,1164,791,1300,UnDefined
./FOD/FOD/training_dataset/train_515.jpg,1405,308,1481,396,UnDefined
./FOD/FOD/training_dataset/train_515.jpg,1085,524,1172,605,UnDefined
./FOD/FOD/training_dataset/train_515.jpg,1268,634,1364,721,UnDefined
./FOD/FOD/training_dataset/train_515.jpg,1681,471,1760,512,UnDefined
./FOD/FOD/training_dataset/train_515.jpg,1254,983,1327,1044,UnDefined
./FOD/FOD/training_dataset/train_517.jpg,710,588,771,631,UnDefined
./FOD/FOD/training_dataset/train_517.jpg,681,483,794,591,UnDefined
./FOD/FOD/training_dataset/train_517.jpg,975,623,1091,815,UnDefined
./FOD/FOD/training_dataset/train_517.jpg,771,570,858,663,UnDefined
./FOD/FOD/training_dataset/train_518.jpg,1277,509,1382,576,UnDefined
./FOD/FOD/training_dataset/train_519.jpg,337,1199,433,1268,UnDefined
./FOD/FOD/training_dataset/train_520.jpg,1239,745,1359,809,UnDefined
./FOD/FOD/training_dataset/train_520.jpg,905,1091,986,1199,UnDefined
./FOD/FOD/training_dataset/train_520.jpg,561,573,742,649,UnDefined
./FOD/FOD/training_dataset/train_520.jpg,1236,1036,1335,1149,UnDefined
./FOD/FOD/training_dataset/train_521.jpg,,,,,
./FOD/FOD/training_dataset/train_522.jpg,,,,,
./FOD/FOD/training_dataset/train_523.jpg,,,,,
./FOD/FOD/training_dataset/train_524.jpg,,,,,
./FOD/FOD/training_dataset/train_525.jpg,,,,,
./FOD/FOD/training_dataset/train_526.jpg,,,,,
./FOD/FOD/training_dataset/train_527.jpg,,,,,
./FOD/FOD/training_dataset/train_528.jpg,,,,,
./FOD/FOD/training_dataset/train_529.jpg,,,,,
./FOD/FOD/training_dataset/train_530.jpg,,,,,
./FOD/FOD/training_dataset/train_531.jpg,,,,,
./FOD/FOD/training_dataset/train_532.jpg,,,,,
./FOD/FOD/training_dataset/train_533.jpg,,,,,
./FOD/FOD/training_dataset/train_534.jpg,,,,,
./FOD/FOD/training_dataset/train_535.jpg,,,,,
./FOD/FOD/training_dataset/train_536.jpg,,,,,
./FOD/FOD/training_dataset/train_537.jpg,,,,,
./FOD/FOD/training_dataset/train_538.jpg,,,,,
./FOD/FOD/training_dataset/train_539.jpg,,,,,
./FOD/FOD/training_dataset/train_540.jpg,,,,,
./FOD/FOD/training_dataset/train_541.jpg,,,,,
./FOD/FOD/training_dataset/train_542.jpg,,,,,
./FOD/FOD/training_dataset/train_543.jpg,,,,,
./FOD/FOD/training_dataset/train_544.jpg,,,,,
./FOD/FOD/training_dataset/train_545.jpg,,,,,
./FOD/FOD/training_dataset/train_546.jpg,,,,,
./FOD/FOD/training_dataset/train_548.jpg,657,1009,724,1100,UnDefined
./FOD/FOD/training_dataset/train_548.jpg,457,585,497,640,UnDefined
./FOD/FOD/training_dataset/train_548.jpg,634,1181,701,1248,UnDefined
./FOD/FOD/training_dataset/train_548.jpg,809,986,887,1091,UnDefined
./FOD/FOD/training_dataset/train_550.jpg,1155,410,1248,492,UnDefined
./FOD/FOD/training_dataset/train_550.jpg,977,128,1027,183,UnDefined
./FOD/FOD/training_dataset/train_550.jpg,1117,497,1207,643,UnDefined
./FOD/FOD/training_dataset/train_551.jpg,660,1007,724,1041,UnDefined
./FOD/FOD/training_dataset/train_551.jpg,713,1164,794,1289,UnDefined
./FOD/FOD/training_dataset/train_553.jpg,1638,460,1754,512,UnDefined
./FOD/FOD/training_dataset/train_553.jpg,1507,428,1591,486,UnDefined
./FOD/FOD/training_dataset/train_553.jpg,1443,561,1484,599,UnDefined
./FOD/FOD/training_dataset/train_553.jpg,1487,529,1545,608,UnDefined
./FOD/FOD/training_dataset/train_554.jpg,893,1041,986,1143,UnDefined
./FOD/FOD/training_dataset/train_554.jpg,771,701,876,835,UnDefined
./FOD/FOD/training_dataset/train_554.jpg,1199,1193,1289,1254,UnDefined
./FOD/FOD/training_dataset/train_554.jpg,1181,887,1289,1009,UnDefined
./FOD/FOD/training_dataset/train_556.jpg,890,1030,992,1152,UnDefined
./FOD/FOD/training_dataset/train_556.jpg,780,689,881,849,UnDefined
./FOD/FOD/training_dataset/train_557.jpg,1004,76,1044,113,UnDefined
./FOD/FOD/training_dataset/train_557.jpg,916,172,966,247,UnDefined
./FOD/FOD/training_dataset/train_557.jpg,1044,340,1103,396,UnDefined
./FOD/FOD/training_dataset/train_557.jpg,1140,212,1184,256,UnDefined
./FOD/FOD/training_dataset/train_559.jpg,1937,477,2051,574,UnDefined
./FOD/FOD/training_dataset/train_560.jpg,1509,1041,1784,1154,UnDefined
./FOD/FOD/training_dataset/train_560.jpg,1647,798,1848,915,UnDefined
./FOD/FOD/training_dataset/train_560.jpg,2311,854,2498,935,UnDefined
./FOD/FOD/training_dataset/train_561.jpg,1164,736,1320,881,UnDefined
./FOD/FOD/training_dataset/train_561.jpg,832,606,1086,867,UnDefined
./FOD/FOD/training_dataset/train_561.jpg,1258,973,1327,1054,UnDefined
./FOD/FOD/training_dataset/train_561.jpg,1139,948,1228,1078,UnDefined
./FOD/FOD/training_dataset/train_563.jpg,901,1105,1009,1214,UnDefined
./FOD/FOD/training_dataset/train_563.jpg,531,539,744,657,UnDefined
./FOD/FOD/training_dataset/train_563.jpg,1221,717,1363,819,UnDefined
./FOD/FOD/training_dataset/train_563.jpg,1231,1043,1389,1162,UnDefined
./FOD/FOD/training_dataset/train_566.jpg,1098,485,1206,659,UnDefined
./FOD/FOD/training_dataset/train_567.jpg,898,1049,997,1206,UnDefined
./FOD/FOD/training_dataset/train_567.jpg,514,547,798,669,UnDefined
./FOD/FOD/training_dataset/train_567.jpg,1174,689,1369,842,UnDefined
./FOD/FOD/training_dataset/train_567.jpg,1236,1029,1342,1165,UnDefined
./FOD/FOD/training_dataset/train_568.jpg,2149,1152,2334,1329,UnDefined
./FOD/FOD/training_dataset/train_568.jpg,797,1218,941,1346,UnDefined
./FOD/FOD/training_dataset/train_569.jpg,1011,301,1209,451,UnDefined
./FOD/FOD/training_dataset/train_569.jpg,382,456,627,593,UnDefined
./FOD/FOD/training_dataset/train_569.jpg,1573,857,1773,982,UnDefined
./FOD/FOD/training_dataset/train_569.jpg,1226,748,1383,904,UnDefined
./FOD/FOD/training_dataset/train_570.jpg,1619,443,1799,519,UnDefined
./FOD/FOD/training_dataset/train_570.jpg,1497,418,1607,477,UnDefined
./FOD/FOD/training_dataset/train_570.jpg,1922,482,2060,559,UnDefined
./FOD/FOD/training_dataset/train_572.jpg,728,589,803,679,UnDefined
./FOD/FOD/training_dataset/train_572.jpg,909,1002,1039,1139,UnDefined
./FOD/FOD/training_dataset/train_572.jpg,1071,948,1197,1108,UnDefined
./FOD/FOD/training_dataset/train_572.jpg,918,1171,999,1273,UnDefined
./FOD/FOD/training_dataset/train_574.jpg,536,696,657,827,UnDefined
./FOD/FOD/training_dataset/train_574.jpg,623,423,726,600,UnDefined
./FOD/FOD/training_dataset/train_574.jpg,916,1014,1085,1130,UnDefined
./FOD/FOD/training_dataset/train_574.jpg,669,952,778,1075,UnDefined
./FOD/FOD/training_dataset/train_577.jpg,675,684,719,723,UnDefined
./FOD/FOD/training_dataset/train_577.jpg,618,893,700,948,UnDefined
./FOD/FOD/training_dataset/train_577.jpg,1019,939,1071,994,UnDefined
./FOD/FOD/training_dataset/train_578.jpg,,,,,
./FOD/FOD/training_dataset/train_579.jpg,,,,,
./FOD/FOD/training_dataset/train_580.jpg,524,843,684,900,UnDefined
./FOD/FOD/training_dataset/train_580.jpg,1476,293,1554,365,UnDefined
./FOD/FOD/training_dataset/train_580.jpg,1266,1124,1333,1168,UnDefined
./FOD/FOD/training_dataset/train_581.jpg,1591,610,1644,671,UnDefined
./FOD/FOD/training_dataset/train_582.jpg,558,723,610,780,UnDefined
./FOD/FOD/training_dataset/train_582.jpg,642,436,686,556,UnDefined
./FOD/FOD/training_dataset/train_582.jpg,962,1038,1029,1109,UnDefined
./FOD/FOD/training_dataset/train_583.jpg,,,,,
./FOD/FOD/training_dataset/train_584.jpg,1409,310,1470,379,UnDefined
./FOD/FOD/training_dataset/train_585.jpg,1029,474,1122,545,UnDefined
./FOD/FOD/training_dataset/train_585.jpg,1434,210,1510,287,UnDefined
./FOD/FOD/training_dataset/train_585.jpg,1969,403,2015,461,UnDefined
./FOD/FOD/training_dataset/train_585.jpg,977,677,1073,763,UnDefined
./FOD/FOD/training_dataset/train_586.jpg,,,,,
./FOD/FOD/training_dataset/train_587.jpg,,,,,
./FOD/FOD/training_dataset/train_588.jpg,1746,1013,1786,1078,UnDefined
./FOD/FOD/training_dataset/train_588.jpg,1378,1166,1474,1197,UnDefined
./FOD/FOD/training_dataset/train_589.jpg,,,,,
./FOD/FOD/training_dataset/train_591.jpg,1277,660,1342,728,UnDefined
./FOD/FOD/training_dataset/train_591.jpg,1092,524,1168,587,UnDefined
./FOD/FOD/training_dataset/train_591.jpg,1405,314,1474,377,UnDefined
./FOD/FOD/training_dataset/train_592.jpg,,,,,
./FOD/FOD/training_dataset/train_593.jpg,1237,744,1323,795,UnDefined
./FOD/FOD/training_dataset/train_593.jpg,583,575,715,627,UnDefined
./FOD/FOD/training_dataset/train_593.jpg,920,1120,960,1180,UnDefined
./FOD/FOD/training_dataset/train_593.jpg,1258,1053,1331,1130,UnDefined
./FOD/FOD/training_dataset/train_594.jpg,1415,308,1480,375,UnDefined
./FOD/FOD/training_dataset/train_594.jpg,1088,518,1176,583,UnDefined
./FOD/FOD/training_dataset/train_594.jpg,1285,652,1359,719,UnDefined
./FOD/FOD/training_dataset/train_595.jpg,361,439,437,513,UnDefined
./FOD/FOD/training_dataset/train_595.jpg,208,198,290,292,UnDefined
./FOD/FOD/training_dataset/train_596.jpg,1468,277,1570,373,UnDefined
./FOD/FOD/training_dataset/train_596.jpg,1310,597,1455,770,UnDefined
./FOD/FOD/training_dataset/train_596.jpg,1702,1054,1783,1138,UnDefined
./FOD/FOD/training_dataset/train_596.jpg,1920,701,2027,782,UnDefined
./FOD/FOD/training_dataset/train_597.jpg,871,597,1003,673,UnDefined
./FOD/FOD/training_dataset/train_597.jpg,711,566,780,643,UnDefined
./FOD/FOD/training_dataset/train_597.jpg,841,551,932,637,UnDefined
./FOD/FOD/training_dataset/train_598.jpg,1176,411,1239,495,UnDefined
./FOD/FOD/training_dataset/train_599.jpg,1519,556,1582,592,UnDefined
./FOD/FOD/training_dataset/train_599.jpg,1445,688,1486,726,UnDefined
./FOD/FOD/training_dataset/train_599.jpg,1493,653,1547,711,UnDefined
./FOD/FOD/training_dataset/train_599.jpg,1643,574,1755,637,UnDefined
./FOD/FOD/training_dataset/train_602.jpg,1656,957,1783,1156,UnDefined
./FOD/FOD/training_dataset/train_602.jpg,1349,470,1425,561,UnDefined
./FOD/FOD/training_dataset/train_602.jpg,1470,1082,1590,1219,UnDefined
./FOD/FOD/training_dataset/train_603.jpg,919,1105,990,1178,UnDefined
./FOD/FOD/training_dataset/train_603.jpg,584,554,744,632,UnDefined
./FOD/FOD/training_dataset/train_604.jpg,879,1041,1011,1161,UnDefined
./FOD/FOD/training_dataset/train_604.jpg,775,691,881,871,UnDefined
./FOD/FOD/training_dataset/train_604.jpg,1217,1074,1343,1217,UnDefined
./FOD/FOD/training_dataset/train_604.jpg,1214,1191,1288,1272,UnDefined
./FOD/FOD/training_dataset/train_605.jpg,1255,711,1377,833,UnDefined
./FOD/FOD/training_dataset/train_605.jpg,1356,452,1420,541,UnDefined
./FOD/FOD/training_dataset/train_605.jpg,1473,1123,1613,1255,UnDefined
./FOD/FOD/training_dataset/train_605.jpg,1679,978,1829,1189,UnDefined
./FOD/FOD/training_dataset/train_606.jpg,1730,475,1768,541,UnDefined
./FOD/FOD/training_dataset/train_607.jpg,1237,726,1336,818,UnDefined
./FOD/FOD/training_dataset/train_607.jpg,577,566,729,632,UnDefined
./FOD/FOD/training_dataset/train_607.jpg,1260,1054,1354,1138,UnDefined
./FOD/FOD/training_dataset/train_607.jpg,917,1123,973,1191,UnDefined
./FOD/FOD/training_dataset/train_610.jpg,1054,670,1189,795,UnDefined
./FOD/FOD/training_dataset/train_610.jpg,503,830,698,917,UnDefined
./FOD/FOD/training_dataset/train_610.jpg,1554,1191,1671,1265,UnDefined
./FOD/FOD/training_dataset/train_610.jpg,1260,1110,1354,1181,UnDefined
./FOD/FOD/training_dataset/train_611.jpg,973,660,1079,752,UnDefined
./FOD/FOD/training_dataset/train_611.jpg,1247,1021,1364,1092,UnDefined
./FOD/FOD/training_dataset/train_611.jpg,1432,175,1516,290,UnDefined
./FOD/FOD/training_dataset/train_611.jpg,1021,455,1143,543,UnDefined
./FOD/FOD/training_dataset/train_612.jpg,869,1031,1003,1145,UnDefined
./FOD/FOD/training_dataset/train_612.jpg,772,696,876,848,UnDefined
./FOD/FOD/training_dataset/train_612.jpg,1204,1171,1333,1265,UnDefined
./FOD/FOD/training_dataset/train_612.jpg,1204,1189,1265,1280,UnDefined
./FOD/FOD/training_dataset/train_615.jpg,813,660,874,767,UnDefined
./FOD/FOD/training_dataset/train_615.jpg,737,625,808,739,UnDefined
./FOD/FOD/training_dataset/train_615.jpg,719,554,856,782,UnDefined
./FOD/FOD/training_dataset/train_618.jpg,564,378,632,549,UnDefined
./FOD/FOD/training_dataset/train_618.jpg,475,719,554,797,UnDefined
./FOD/FOD/training_dataset/train_618.jpg,922,1069,1016,1150,UnDefined
./FOD/FOD/training_dataset/train_618.jpg,630,990,686,1082,UnDefined
./FOD/FOD/training_dataset/train_621.jpg,1239,719,1351,797,UnDefined
./FOD/FOD/training_dataset/train_621.jpg,587,549,737,632,UnDefined
./FOD/FOD/training_dataset/train_621.jpg,1257,1026,1359,1133,UnDefined
./FOD/FOD/training_dataset/train_621.jpg,922,1105,988,1181,UnDefined
./FOD/FOD/training_dataset/train_622.jpg,1968,480,2037,566,UnDefined
./FOD/FOD/training_dataset/train_623.jpg,1953,902,2006,940,UnDefined
./FOD/FOD/training_dataset/train_623.jpg,955,1031,1023,1112,UnDefined
./FOD/FOD/training_dataset/train_623.jpg,1328,1156,1465,1214,UnDefined
./FOD/FOD/training_dataset/train_623.jpg,1704,1001,1760,1092,UnDefined
./FOD/FOD/training_dataset/train_624.jpg,731,1135,782,1191,UnDefined
./FOD/FOD/training_dataset/train_624.jpg,561,978,617,1046,UnDefined
./FOD/FOD/training_dataset/train_625.jpg,800,533,922,678,UnDefined
./FOD/FOD/training_dataset/train_625.jpg,830,871,935,940,UnDefined
./FOD/FOD/training_dataset/train_625.jpg,419,358,495,500,UnDefined
./FOD/FOD/training_dataset/train_625.jpg,518,703,617,797,UnDefined
./FOD/FOD/training_dataset/train_626.jpg,957,1034,1016,1097,UnDefined
./FOD/FOD/training_dataset/train_626.jpg,1343,1153,1473,1224,UnDefined
./FOD/FOD/training_dataset/train_627.jpg,1011,467,1130,559,UnDefined
./FOD/FOD/training_dataset/train_627.jpg,1420,178,1521,295,UnDefined
./FOD/FOD/training_dataset/train_627.jpg,1961,394,2024,467,UnDefined
./FOD/FOD/training_dataset/train_627.jpg,960,653,1072,775,UnDefined
./FOD/FOD/training_dataset/train_627.jpg,1244,1049,1341,1090,UnDefined
./FOD/FOD/training_dataset/train_628.jpg,1041,460,1150,589,UnDefined
./FOD/FOD/training_dataset/train_628.jpg,1138,206,1204,302,UnDefined
./FOD/FOD/training_dataset/train_628.jpg,1465,747,1610,955,UnDefined
./FOD/FOD/training_dataset/train_628.jpg,1255,891,1389,1021,UnDefined
./FOD/FOD/training_dataset/train_630.jpg,853,1084,922,1148,UnDefined
./FOD/FOD/training_dataset/train_630.jpg,1244,709,1343,818,UnDefined
./FOD/FOD/training_dataset/train_631.jpg,866,604,950,658,UnDefined
./FOD/FOD/training_dataset/train_631.jpg,1072,533,1168,637,UnDefined
./FOD/FOD/training_dataset/train_633.jpg,1252,1044,1346,1143,UnDefined
./FOD/FOD/training_dataset/train_633.jpg,917,1115,983,1186,UnDefined
./FOD/FOD/training_dataset/train_633.jpg,1239,549,1394,627,UnDefined
./FOD/FOD/training_dataset/train_633.jpg,1237,729,1346,813,UnDefined
./FOD/FOD/training_dataset/train_634.jpg,1049,577,1161,696,UnDefined
./FOD/FOD/training_dataset/train_634.jpg,1135,307,1206,391,UnDefined
./FOD/FOD/training_dataset/train_634.jpg,1516,902,1618,1064,UnDefined
./FOD/FOD/training_dataset/train_635.jpg,1051,297,1178,434,UnDefined
./FOD/FOD/training_dataset/train_635.jpg,424,470,620,569,UnDefined
./FOD/FOD/training_dataset/train_635.jpg,1267,797,1341,874,UnDefined
./FOD/FOD/training_dataset/train_636.jpg,1694,597,1775,665,UnDefined
./FOD/FOD/training_dataset/train_636.jpg,1313,124,1458,292,UnDefined
./FOD/FOD/training_dataset/train_636.jpg,1910,231,2037,310,UnDefined
./FOD/FOD/training_dataset/train_639.jpg,1526,696,1595,747,UnDefined
./FOD/FOD/training_dataset/train_640.jpg,1854,135,1900,190,UnDefined
./FOD/FOD/training_dataset/train_640.jpg,1770,340,1857,434,UnDefined
./FOD/FOD/training_dataset/train_640.jpg,2131,556,2245,714,UnDefined
./FOD/FOD/training_dataset/train_641.jpg,993,554,1148,683,UnDefined
./FOD/FOD/training_dataset/train_641.jpg,546,450,686,625,UnDefined
./FOD/FOD/training_dataset/train_641.jpg,1102,902,1186,996,UnDefined
./FOD/FOD/training_dataset/train_641.jpg,940,876,1034,998,UnDefined
./FOD/FOD/training_dataset/train_641.jpg,1115,813,1156,861,UnDefined
./FOD/FOD/training_dataset/train_642.jpg,1153,543,1242,678,UnDefined
./FOD/FOD/training_dataset/train_643.jpg,1247,731,1336,815,UnDefined
./FOD/FOD/training_dataset/train_643.jpg,569,556,747,635,UnDefined
./FOD/FOD/training_dataset/train_643.jpg,1252,1036,1343,1143,UnDefined
./FOD/FOD/training_dataset/train_643.jpg,914,1100,985,1186,UnDefined
./FOD/FOD/training_dataset/train_645.jpg,922,462,1036,594,UnDefined
./FOD/FOD/training_dataset/train_645.jpg,1021,213,1082,282,UnDefined
./FOD/FOD/training_dataset/train_645.jpg,1148,884,1280,1029,UnDefined
./FOD/FOD/training_dataset/train_645.jpg,1343,742,1493,960,UnDefined
./FOD/FOD/training_dataset/train_646.jpg,5,797,91,935,UnDefined
./FOD/FOD/training_dataset/train_646.jpg,81,1150,201,1239,UnDefined
./FOD/FOD/training_dataset/train_648.jpg,1328,396,1377,444,UnDefined
./FOD/FOD/training_dataset/train_648.jpg,1265,516,1333,589,UnDefined
./FOD/FOD/training_dataset/train_648.jpg,1506,564,1552,594,UnDefined
./FOD/FOD/training_dataset/train_648.jpg,1420,688,1460,726,UnDefined
./FOD/FOD/training_dataset/train_649.jpg,1712,467,1763,498,UnDefined
./FOD/FOD/training_dataset/train_649.jpg,1262,983,1338,1021,UnDefined
./FOD/FOD/training_dataset/train_649.jpg,1079,521,1176,579,UnDefined
./FOD/FOD/training_dataset/train_649.jpg,1227,620,1283,693,UnDefined
./FOD/FOD/training_dataset/train_649.jpg,1407,300,1481,381,UnDefined
./FOD/FOD/training_dataset/train_650.jpg,1280,1072,1481,1138,UnDefined
./FOD/FOD/training_dataset/train_650.jpg,955,569,1008,703,UnDefined
./FOD/FOD/training_dataset/train_650.jpg,1430,820,1544,899,UnDefined
./FOD/FOD/training_dataset/train_650.jpg,2103,894,2171,940,UnDefined
./FOD/FOD/training_dataset/train_652.jpg,1077,516,1199,594,UnDefined
./FOD/FOD/training_dataset/train_652.jpg,1257,973,1343,1031,UnDefined
./FOD/FOD/training_dataset/train_652.jpg,1402,305,1491,383,UnDefined
./FOD/FOD/training_dataset/train_653.jpg,777,559,869,663,UnDefined
./FOD/FOD/training_dataset/train_653.jpg,985,615,1105,795,UnDefined
./FOD/FOD/training_dataset/train_653.jpg,681,503,762,587,UnDefined
./FOD/FOD/training_dataset/train_653.jpg,724,579,775,632,UnDefined
./FOD/FOD/training_dataset/train_655.jpg,1732,805,1811,863,UnDefined
./FOD/FOD/training_dataset/train_655.jpg,2232,800,2311,889,UnDefined
./FOD/FOD/training_dataset/train_655.jpg,1514,846,1618,947,UnDefined
./FOD/FOD/training_dataset/train_655.jpg,1410,897,1562,993,UnDefined
./FOD/FOD/training_dataset/train_657.jpg,1473,183,1557,269,UnDefined
./FOD/FOD/training_dataset/train_657.jpg,1305,500,1450,658,UnDefined
./FOD/FOD/training_dataset/train_657.jpg,1925,607,2014,676,UnDefined
./FOD/FOD/training_dataset/train_657.jpg,1709,952,1778,1018,UnDefined
./FOD/FOD/training_dataset/train_659.jpg,1178,411,1237,498,UnDefined
./FOD/FOD/training_dataset/train_659.jpg,983,135,1018,163,UnDefined
./FOD/FOD/training_dataset/train_659.jpg,1150,785,1219,863,UnDefined
./FOD/FOD/training_dataset/train_659.jpg,1120,495,1204,632,UnDefined
./FOD/FOD/training_dataset/train_660.jpg,1112,493,1189,637,UnDefined
./FOD/FOD/training_dataset/train_663.jpg,843,559,897,625,UnDefined
./FOD/FOD/training_dataset/train_663.jpg,645,427,693,564,UnDefined
./FOD/FOD/training_dataset/train_663.jpg,1107,927,1181,1018,UnDefined
./FOD/FOD/training_dataset/train_663.jpg,930,917,1034,980,UnDefined
./FOD/FOD/training_dataset/train_665.jpg,1338,1168,1463,1209,UnDefined
./FOD/FOD/training_dataset/train_666.jpg,950,670,1069,770,UnDefined
./FOD/FOD/training_dataset/train_666.jpg,1247,1046,1331,1092,UnDefined
./FOD/FOD/training_dataset/train_666.jpg,1029,467,1135,559,UnDefined
./FOD/FOD/training_dataset/train_666.jpg,1138,615,1191,683,UnDefined
./FOD/FOD/training_dataset/train_666.jpg,1420,196,1514,292,UnDefined
